{
	"format_version": "1.21.6",
	"credit": "Made with Blockbench",
	"texture_size": [32, 32],
	"textures": {
		"2": "item/armor_stand_hand",
		"particle": "item/armor_stand"
	},
	"elements": [
		{
			"from": [5, 11, 5],
			"to": [11, 17, 11],
			"rotation": {"angle": 0, "axis": "y", "origin": [8, 11, 7]},
			"faces": {
				"north": {"uv": [4, 0, 7, 3], "texture": "#2"},
				"east": {"uv": [4, 3, 7, 6], "texture": "#2"},
				"south": {"uv": [4, 6, 7, 9], "texture": "#2"},
				"west": {"uv": [7, 0, 10, 3], "texture": "#2"},
				"up": {"uv": [10, 6, 7, 3], "texture": "#2"},
				"down": {"uv": [10, 6, 7, 9], "texture": "#2"}
			}
		},
		{
			"from": [4, 0, 4],
			"to": [12, 2, 12],
			"rotation": {"angle": 0, "axis": "y", "origin": [10, 0, 9]},
			"faces": {
				"north": {"uv": [0, 8, 4, 9], "texture": "#2"},
				"east": {"uv": [0, 9, 4, 10], "texture": "#2"},
				"south": {"uv": [4, 9, 8, 10], "texture": "#2"},
				"west": {"uv": [8, 9, 12, 10], "texture": "#2"},
				"up": {"uv": [4, 4, 0, 0], "texture": "#2"},
				"down": {"uv": [4, 4, 0, 8], "texture": "#2"}
			}
		},
		{
			"from": [6, 6, 7],
			"to": [10, 11, 9],
			"rotation": {"angle": 0, "axis": "y", "origin": [7, 3, 7]},
			"faces": {
				"north": {"uv": [0, 10, 2, 12.5], "texture": "#2"},
				"east": {"uv": [10, 0, 11, 2.5], "texture": "#2"},
				"south": {"uv": [2, 10, 4, 12.5], "texture": "#2"},
				"west": {"uv": [10, 2.5, 11, 5], "texture": "#2"},
				"up": {"uv": [6, 11, 4, 10], "texture": "#2"},
				"down": {"uv": [12, 8, 10, 9], "texture": "#2"}
			}
		},
		{
			"from": [8, 1.75, 7],
			"to": [10, 5.75, 9],
			"rotation": {"angle": 10, "axis": "z", "origin": [8, 5.75, 8]},
			"faces": {
				"north": {"uv": [8, 10, 9, 12], "texture": "#2"},
				"east": {"uv": [9, 10, 10, 12], "texture": "#2"},
				"south": {"uv": [10, 10, 11, 12], "texture": "#2"},
				"west": {"uv": [11, 0, 12, 2], "texture": "#2"},
				"up": {"uv": [13, 10, 12, 9], "texture": "#2"},
				"down": {"uv": [11, 12, 10, 13], "texture": "#2"}
			}
		},
		{
			"from": [6, 1.75, 7],
			"to": [8, 5.75, 9],
			"rotation": {"angle": -10, "axis": "z", "origin": [8, 5.75, 8]},
			"faces": {
				"north": {"uv": [11, 2, 12, 4], "texture": "#2"},
				"east": {"uv": [6, 11, 7, 13], "texture": "#2"},
				"south": {"uv": [7, 11, 8, 13], "texture": "#2"},
				"west": {"uv": [11, 10, 12, 12], "texture": "#2"},
				"up": {"uv": [13, 11, 12, 10], "texture": "#2"},
				"down": {"uv": [12, 12, 11, 13], "texture": "#2"}
			}
		},
		{
			"from": [10, 9, 7],
			"to": [11, 11, 9],
			"rotation": {"angle": 0, "axis": "y", "origin": [10, 9, 7]},
			"faces": {
				"north": {"uv": [10, 6, 10.5, 7], "texture": "#2"},
				"east": {"uv": [10, 5, 11, 6], "texture": "#2"},
				"south": {"uv": [7, 10, 7.5, 11], "texture": "#2"},
				"west": {"uv": [6, 10, 7, 11], "texture": "#2"},
				"up": {"uv": [10.5, 8, 10, 7], "texture": "#2"},
				"down": {"uv": [8, 10, 7.5, 11], "texture": "#2"}
			}
		},
		{
			"from": [5, 9, 7],
			"to": [6, 11, 9],
			"rotation": {"angle": 0, "axis": "y", "origin": [5, 9, 7]},
			"faces": {
				"north": {"uv": [10, 6, 10.5, 7], "texture": "#2"},
				"east": {"uv": [10, 5, 11, 6], "texture": "#2"},
				"south": {"uv": [7, 10, 7.5, 11], "texture": "#2"},
				"west": {"uv": [6, 10, 7, 11], "texture": "#2"},
				"up": {"uv": [10.5, 8, 10, 7], "texture": "#2"},
				"down": {"uv": [8, 10, 7.5, 11], "texture": "#2"}
			}
		}
	],
	"display": {
		"thirdperson_righthand": {
			"rotation": [0, -180, 0],
			"translation": [0, 3.75, 0.25],
			"scale": [0.5, 0.5, 0.5]
		},
		"thirdperson_lefthand": {
			"rotation": [0, -180, 0],
			"translation": [0, 3.75, 0.25],
			"scale": [0.5, 0.5, 0.5]
		}
	},
	"groups": [
		{
			"name": "armor stand",
			"origin": [8, 11, 7],
			"color": 0,
			"children": [0, 1, 2, 3, 4, 5, 6]
		}
	]
}