{
	"format_version": "1.21.6",
	"credit": "Made with Blockbench",
	"texture_size": [32, 32],
	"textures": {
		"3": "item/armor_stand_vanilla"
	},
	"elements": [
		{
			"from": [7, 17, 7],
			"to": [9, 20, 9],
			"rotation": {"angle": 0, "axis": "y", "origin": [8, 17, 7]},
			"faces": {
				"north": {"uv": [3, 9, 4, 10.5], "texture": "#3"},
				"east": {"uv": [4, 9, 5, 10.5], "texture": "#3"},
				"south": {"uv": [5, 9, 6, 10.5], "texture": "#3"},
				"west": {"uv": [9, 5, 10, 6.5], "texture": "#3"},
				"up": {"uv": [7, 10, 6, 9], "texture": "#3"},
				"down": {"uv": [10, 6.5, 9, 7.5], "texture": "#3"}
			}
		},
		{
			"from": [5.5, 9, 7],
			"to": [7.5, 14, 9],
			"rotation": {"angle": 0, "axis": "y", "origin": [6.5, 8, 7]},
			"faces": {
				"north": {"uv": [9, 6, 8, 8.5], "texture": "#3"},
				"east": {"uv": [8, 8.5, 9, 11], "texture": "#3"},
				"south": {"uv": [9.5, 2.5, 8.5, 5], "texture": "#3"},
				"west": {"uv": [8.5, 0, 9.5, 2.5], "texture": "#3"},
				"up": {"uv": [8, 10, 7, 9], "texture": "#3"},
				"down": {"uv": [10, 7.5, 9, 8.5], "texture": "#3"}
			}
		},
		{
			"from": [4.5, 7, 7],
			"to": [11.5, 9, 9],
			"rotation": {"angle": 0, "axis": "y", "origin": [9.5, 7, 7]},
			"faces": {
				"north": {"uv": [9, 8.5, 12.5, 9.5], "texture": "#3"},
				"east": {"uv": [9.5, 3, 10.5, 4], "texture": "#3"},
				"south": {"uv": [9.5, 0, 13, 1], "texture": "#3"},
				"west": {"uv": [9.5, 4, 10.5, 5], "texture": "#3"},
				"up": {"uv": [13, 2, 9.5, 1], "texture": "#3"},
				"down": {"uv": [13, 2, 9.5, 3], "texture": "#3"}
			}
		},
		{
			"from": [8.5, 9, 7],
			"to": [10.5, 14, 9],
			"rotation": {"angle": 0, "axis": "y", "origin": [9.5, 8, 7]},
			"faces": {
				"north": {"uv": [8, 6, 9, 8.5], "texture": "#3"},
				"east": {"uv": [8.5, 0, 9.5, 2.5], "texture": "#3"},
				"south": {"uv": [8.5, 2.5, 9.5, 5], "texture": "#3"},
				"west": {"uv": [8, 8.5, 9, 11], "texture": "#3"},
				"up": {"uv": [7, 9, 8, 10], "texture": "#3"},
				"down": {"uv": [9, 7.5, 10, 8.5], "texture": "#3"}
			}
		},
		{
			"from": [8.5, 2, 7],
			"to": [10.5, 7, 9],
			"rotation": {"angle": 0, "axis": "y", "origin": [9.5, 1, 7]},
			"faces": {
				"north": {"uv": [9, 9.5, 10, 12], "texture": "#3"},
				"east": {"uv": [10, 5, 11, 7.5], "texture": "#3"},
				"south": {"uv": [6, 10, 7, 12.5], "texture": "#3"},
				"west": {"uv": [7, 10, 8, 12.5], "texture": "#3"},
				"up": {"uv": [11, 8.5, 10, 7.5], "texture": "#3"},
				"down": {"uv": [11, 9.5, 10, 10.5], "texture": "#3"}
			}
		},
		{
			"from": [5.5, 2, 7],
			"to": [7.5, 7, 9],
			"rotation": {"angle": 0, "axis": "y", "origin": [6.5, 1, 7]},
			"faces": {
				"north": {"uv": [10, 9.5, 9, 12], "texture": "#3"},
				"east": {"uv": [7, 10, 8, 12.5], "texture": "#3"},
				"south": {"uv": [7, 10, 6, 12.5], "texture": "#3"},
				"west": {"uv": [10, 5, 11, 7.5], "texture": "#3"},
				"up": {"uv": [10, 7.5, 11, 8.5], "texture": "#3"},
				"down": {"uv": [10, 9.5, 11, 10.5], "texture": "#3"}
			}
		},
		{
			"from": [3.5, 14, 6.5],
			"to": [12.5, 17, 9.5],
			"rotation": {"angle": 0, "axis": "y", "origin": [4.5, 14, 7.5]},
			"faces": {
				"north": {"uv": [4, 0, 8.5, 1.5], "texture": "#3"},
				"east": {"uv": [0, 9, 1.5, 10.5], "texture": "#3"},
				"south": {"uv": [4, 1.5, 8.5, 3], "texture": "#3"},
				"west": {"uv": [1.5, 9, 3, 10.5], "texture": "#3"},
				"up": {"uv": [8.5, 4.5, 4, 3], "texture": "#3"},
				"down": {"uv": [8.5, 4.5, 4, 6], "texture": "#3"}
			}
		},
		{
			"from": [4, 0, 4],
			"to": [12, 2, 12],
			"rotation": {"angle": 0, "axis": "y", "origin": [10, 0, 9]},
			"faces": {
				"north": {"uv": [4, 6, 8, 7], "texture": "#3"},
				"east": {"uv": [4, 7, 8, 8], "texture": "#3"},
				"south": {"uv": [0, 8, 4, 9], "texture": "#3"},
				"west": {"uv": [4, 8, 8, 9], "texture": "#3"},
				"up": {"uv": [4, 4, 0, 0], "texture": "#3"},
				"down": {"uv": [4, 4, 0, 8], "texture": "#3"}
			}
		}
	],
	"display": {
		"thirdperson_righthand": {
			"rotation": [0, -180, 0],
			"translation": [0, 3.75, 0.25],
			"scale": [0.5, 0.5, 0.5]
		},
		"thirdperson_lefthand": {
			"rotation": [0, -180, 0],
			"translation": [0, 3.75, 0.25],
			"scale": [0.5, 0.5, 0.5]
		}
	},
	"groups": [
		{
			"name": "armor stand",
			"origin": [8, 11, 7],
			"color": 0,
			"children": [0, 1, 2, 3, 4, 5, 6]
		},
		7
	]
}