{
	"format_version": "1.21.6",
	"credit": "Made with Blockbench",
	"texture_size": [32, 32],
	"textures": {
		"0": "item/brick_hand",
		"particle": "item/brick_hand"
	},
	"elements": [
		{
			"from": [2, 0, 3],
			"to": [14, 4, 9],
			"rotation": {"angle": 0, "axis": "y", "origin": [8, 0, 6]},
			"faces": {
				"north": {"uv": [6, 3, 12, 5], "texture": "#0"},
				"east": {"uv": [6, 7, 9, 9], "texture": "#0"},
				"south": {"uv": [6, 3, 12, 5], "texture": "#0"},
				"west": {"uv": [6, 7, 9, 9], "texture": "#0"},
				"up": {"uv": [6, 3, 0, 0], "texture": "#0"},
				"down": {"uv": [6, 3, 0, 6], "texture": "#0"}
			}
		}
	],
	"display": {
		"thirdperson_righthand": {
			"translation": [0, 4, 2.25],
			"scale": [0.6, 0.6, 0.6]
		},
		"thirdperson_lefthand": {
			"translation": [0, 4, 2.25],
			"scale": [0.6, 0.6, 0.6]
		},
		"firstperson_righthand": {
			"rotation": [168.42, 76.25, 170.38],
			"translation": [0.75, 7, 1.25],
			"scale": [0.8, 0.8, 0.8]
		},
		"firstperson_lefthand": {
			"rotation": [168.42, 76.25, 170.38],
			"translation": [0.75, 7, 1.25],
			"scale": [0.8, 0.8, 0.8]
		}
	}
}