{
	"format_version": "1.9.0",
	"credit": "Made with Blockbench",
	"texture_size": [32, 32],
	"textures": {
		"0": "item/minecart_hand",
		"2": "item/mini_chest",
		"particle": "item/minecart_hand"
	},
	"elements": [
		{
			"from": [4.5, 0, 2.5],
			"to": [11.5, 3, 11.5],
			"rotation": {"angle": 0, "axis": "y", "origin": [6.5, 1, 5.5]},
			"faces": {
				"north": {"uv": [7, 3, 10.5, 4.5], "texture": "#0"},
				"east": {"uv": [0, 4.5, 4.5, 6], "texture": "#0"},
				"south": {"uv": [0, 7.5, 3.5, 9], "texture": "#0"},
				"west": {"uv": [4.5, 4.5, 9, 6], "texture": "#0"},
				"up": {"uv": [3.5, 4.5, 0, 0], "texture": "#0"},
				"down": {"uv": [7, 0, 3.5, 4.5], "texture": "#0"}
			}
		},
		{
			"from": [10, 3, 4],
			"to": [12, 6, 10],
			"rotation": {"angle": 0, "axis": "y", "origin": [8, 4, 6]},
			"faces": {
				"north": {"uv": [7, 10, 8, 11.5], "texture": "#0"},
				"east": {"uv": [3.5, 7.5, 6.5, 9], "texture": "#0"},
				"south": {"uv": [8, 10, 9, 11.5], "texture": "#0"},
				"west": {"uv": [6.5, 7.5, 9.5, 9], "texture": "#0"},
				"up": {"uv": [4, 13, 3, 10], "texture": "#0"},
				"down": {"uv": [5, 10, 4, 13], "texture": "#0"}
			}
		},
		{
			"from": [4, 3, 4],
			"to": [6, 6, 10],
			"rotation": {"angle": 0, "axis": "y", "origin": [2, 4, 6]},
			"faces": {
				"north": {"uv": [9, 10, 10, 11.5], "texture": "#0"},
				"east": {"uv": [8, 6, 11, 7.5], "texture": "#0"},
				"south": {"uv": [10, 10, 11, 11.5], "texture": "#0"},
				"west": {"uv": [0, 9, 3, 10.5], "texture": "#0"},
				"up": {"uv": [6, 13, 5, 10], "texture": "#0"},
				"down": {"uv": [7, 10, 6, 13], "texture": "#0"}
			}
		},
		{
			"from": [4, 3, 2],
			"to": [12, 6, 4],
			"rotation": {"angle": 0, "axis": "y", "origin": [2, 4, -2]},
			"faces": {
				"north": {"uv": [0, 6, 4, 7.5], "texture": "#0"},
				"east": {"uv": [0, 10.5, 1, 12], "texture": "#0"},
				"south": {"uv": [4, 6, 8, 7.5], "texture": "#0"},
				"west": {"uv": [1, 10.5, 2, 12], "texture": "#0"},
				"up": {"uv": [7, 10, 3, 9], "texture": "#0"},
				"down": {"uv": [13, 4.5, 9, 5.5], "texture": "#0"}
			}
		},
		{
			"from": [4, 3, 10],
			"to": [12, 6, 12],
			"rotation": {"angle": 0, "axis": "y", "origin": [2, 4, 7]},
			"faces": {
				"north": {"uv": [7, 0, 11, 1.5], "texture": "#0"},
				"east": {"uv": [2, 10.5, 3, 12], "texture": "#0"},
				"south": {"uv": [7, 1.5, 11, 3], "texture": "#0"},
				"west": {"uv": [10.5, 3, 11.5, 4.5], "texture": "#0"},
				"up": {"uv": [11, 10, 7, 9], "texture": "#0"},
				"down": {"uv": [13.5, 7.5, 9.5, 8.5], "texture": "#0"}
			}
		},
		{
			"from": [11, -1, 9],
			"to": [12, 1, 11],
			"rotation": {"angle": 0, "axis": "y", "origin": [11.5, 0, 7]},
			"faces": {
				"north": {"uv": [11, 8.5, 11.5, 9.5], "texture": "#0"},
				"east": {"uv": [11, 1, 12, 2], "texture": "#0"},
				"south": {"uv": [11, 6.5, 11.5, 7.5], "texture": "#0"},
				"west": {"uv": [11, 0, 12, 1], "texture": "#0"},
				"up": {"uv": [11.5, 10.5, 11, 9.5], "rotation": 180, "texture": "#0"},
				"down": {"uv": [11.5, 10.5, 11, 11.5], "rotation": 180, "texture": "#0"}
			}
		},
		{
			"from": [11, -1, 3],
			"to": [12, 1, 5],
			"rotation": {"angle": 0, "axis": "y", "origin": [11.5, 0, 7]},
			"faces": {
				"north": {"uv": [11.5, 6.5, 12, 7.5], "texture": "#0"},
				"east": {"uv": [11, 5.5, 12, 6.5], "texture": "#0"},
				"south": {"uv": [11.5, 3, 12, 4], "texture": "#0"},
				"west": {"uv": [11, 2, 12, 3], "texture": "#0"},
				"up": {"uv": [7.5, 12.5, 7, 11.5], "rotation": 180, "texture": "#0"},
				"down": {"uv": [8, 11.5, 7.5, 12.5], "rotation": 180, "texture": "#0"}
			}
		},
		{
			"from": [4, -1, 9],
			"to": [5, 1, 11],
			"rotation": {"angle": 0, "axis": "y", "origin": [4.5, 0, 7]},
			"faces": {
				"north": {"uv": [11.5, 3, 12, 4], "texture": "#0"},
				"east": {"uv": [11, 2, 12, 3], "texture": "#0"},
				"south": {"uv": [11.5, 6.5, 12, 7.5], "texture": "#0"},
				"west": {"uv": [11, 5.5, 12, 6.5], "texture": "#0"},
				"up": {"uv": [7.5, 12.5, 7, 11.5], "texture": "#0"},
				"down": {"uv": [8, 11.5, 7.5, 12.5], "texture": "#0"}
			}
		},
		{
			"from": [4, -1, 3],
			"to": [5, 1, 5],
			"rotation": {"angle": 0, "axis": "y", "origin": [4.5, 0, 7]},
			"faces": {
				"north": {"uv": [11, 6.5, 11.5, 7.5], "texture": "#0"},
				"east": {"uv": [11, 0, 12, 1], "texture": "#0"},
				"south": {"uv": [11, 8.5, 11.5, 9.5], "texture": "#0"},
				"west": {"uv": [11, 1, 12, 2], "texture": "#0"},
				"up": {"uv": [11.5, 10.5, 11, 9.5], "texture": "#0"},
				"down": {"uv": [11.5, 10.5, 11, 11.5], "texture": "#0"}
			}
		},
		{
			"from": [5, 4, 5],
			"to": [11, 7, 11],
			"rotation": {"angle": 0, "axis": "y", "origin": [7, 4, 7]},
			"faces": {
				"north": {"uv": [0, 6, 3, 7.5], "texture": "#2"},
				"east": {"uv": [3, 6, 6, 7.5], "texture": "#2"},
				"south": {"uv": [6, 1.5, 9, 3], "texture": "#2"},
				"west": {"uv": [3, 6, 6, 7.5], "texture": "#2"},
				"up": {"uv": [3, 3, 0, 0], "texture": "#2"},
				"down": {"uv": [3, 3, 0, 6], "texture": "#2"}
			}
		},
		{
			"from": [5, 7, 5],
			"to": [11, 10, 11],
			"rotation": {"angle": 0, "axis": "y", "origin": [7, 7, 11]},
			"faces": {
				"north": {"uv": [6, 3, 9, 4.5], "texture": "#2"},
				"east": {"uv": [3, 7.5, 0, 9], "texture": "#2"},
				"south": {"uv": [6, 6, 9, 7.5], "texture": "#2"},
				"west": {"uv": [0, 7.5, 3, 9], "texture": "#2"},
				"up": {"uv": [6, 3, 3, 0], "texture": "#2"},
				"down": {"uv": [6, 3, 3, 6], "texture": "#2"}
			}
		},
		{
			"from": [7.5, 6, 4],
			"to": [8.5, 8, 5],
			"rotation": {"angle": 0, "axis": "y", "origin": [7.5, 7, 11]},
			"faces": {
				"north": {"uv": [3, 7.5, 4, 8.5], "texture": "#2"},
				"east": {"uv": [5, 7.5, 5.5, 8.5], "texture": "#2"},
				"south": {"uv": [4, 7.5, 5, 8.5], "texture": "#2"},
				"west": {"uv": [5.5, 7.5, 6, 8.5], "texture": "#2"},
				"up": {"uv": [7, 8, 6, 7.5], "texture": "#2"},
				"down": {"uv": [8, 7.5, 7, 8], "texture": "#2"}
			}
		}
	],
	"display": {
		"thirdperson_righthand": {
			"rotation": [0, -180, 0],
			"translation": [0, 4.75, -0.5],
			"scale": [0.8, 0.8, 0.8]
		},
		"thirdperson_lefthand": {
			"rotation": [0, -180, 0],
			"translation": [0, 4.75, -0.5],
			"scale": [0.8, 0.8, 0.8]
		},
		"firstperson_righthand": {
			"rotation": [-52.06, 64.75, 34.71],
			"translation": [-1.25, 7, 1.25]
		},
		"firstperson_lefthand": {
			"rotation": [-52.06, 64.75, 34.71],
			"translation": [-1.25, 7, 1.25]
		}
	},
	"groups": [
		{
			"name": "minecart",
			"origin": [7, 0, 7],
			"color": 0,
			"children": [0, 1, 2, 3, 4, 5, 6, 7, 8]
		},
		{
			"name": "chest",
			"origin": [7, 4, 7],
			"color": 0,
			"children": [9, 10, 11]
		}
	]
}