{
	"format_version": "1.21.5",
	"credit": "Made with Blockbench",
	"textures": {
		"1": "item/clay_hand"
	},
	"elements": [
		{
			"from": [6, 0, 5],
			"to": [11, 5, 10],
			"rotation": {"angle": 0, "axis": "y", "origin": [8.25, 1.75, 6.5]},
			"faces": {
				"north": {"uv": [0, 0, 5, 5], "texture": "#1"},
				"east": {"uv": [0, 5, 5, 10], "texture": "#1"},
				"south": {"uv": [5, 0, 10, 5], "texture": "#1"},
				"west": {"uv": [5, 5, 10, 10], "texture": "#1"},
				"up": {"uv": [5, 15, 0, 10], "texture": "#1"},
				"down": {"uv": [15, 0, 10, 5], "texture": "#1"}
			}
		},
		{
			"from": [9, 0, 4],
			"to": [12, 3, 7],
			"rotation": {"angle": 0, "axis": "y", "origin": [8.25, 1.75, 6.5]},
			"faces": {
				"north": {"uv": [5, 10, 8, 13], "texture": "#1"},
				"east": {"uv": [10, 5, 13, 8], "texture": "#1"},
				"south": {"uv": [8, 10, 11, 13], "texture": "#1"},
				"west": {"uv": [11, 8, 14, 11], "texture": "#1"},
				"up": {"uv": [14, 14, 11, 11], "texture": "#1"},
				"down": {"uv": [8, 13, 5, 16], "texture": "#1"}
			}
		},
		{
			"from": [5, 0, 5.5],
			"to": [7, 2, 8.5],
			"rotation": {"angle": 0, "axis": "y", "origin": [8.25, 1.75, 6.5]},
			"faces": {
				"north": {"uv": [11, 14, 13, 16], "texture": "#1"},
				"east": {"uv": [13, 5, 16, 7], "texture": "#1"},
				"south": {"uv": [13, 14, 15, 16], "texture": "#1"},
				"west": {"uv": [8, 13, 11, 15], "texture": "#1"},
				"up": {"uv": [16, 10, 14, 7], "texture": "#1"},
				"down": {"uv": [16, 10, 14, 13], "texture": "#1"}
			}
		}
	],
	"display": {
		"thirdperson_righthand": {
			"rotation": [0, 90, 0],
			"translation": [0, 5, 1.75],
			"scale": [0.8, 0.8, 0.8]
		},
		"thirdperson_lefthand": {
			"rotation": [0, 90, 0],
			"translation": [0, 5, 1.75],
			"scale": [0.8, 0.8, 0.8]
		},
		"firstperson_righthand": {
			"rotation": [168.42, 76.25, 170.38],
			"translation": [0.75, 7, 1.25],
			"scale": [0.8, 0.8, 0.8]
		},
		"firstperson_lefthand": {
			"rotation": [168.42, 76.25, 170.38],
			"translation": [0.75, 7, 1.25],
			"scale": [0.8, 0.8, 0.8]
		}
	},
	"groups": [
		{
			"name": "clay",
			"origin": [6, 2, 6],
			"color": 0,
			"children": [0, 1, 2]
		}
	]
}