{
	"format_version": "1.9.0",
	"credit": "Made with Blockbench",
	"texture_size": [32, 32],
	"textures": {
		"0": "item/coal_hand",
		"particle": "item/coal_hand"
	},
	"elements": [
		{
			"from": [5, 0, 4],
			"to": [11, 9, 8],
			"rotation": {"angle": -22.5, "axis": "z", "origin": [8, 4.5, 6]},
			"faces": {
				"north": {"uv": [0, 0, 3, 4.5], "texture": "#0"},
				"east": {"uv": [0, 4.5, 2, 9], "texture": "#0"},
				"south": {"uv": [3, 0, 0, 4.5], "texture": "#0"},
				"west": {"uv": [2, 4.5, 4, 9], "texture": "#0"},
				"up": {"uv": [7, 6.5, 4, 4.5], "texture": "#0"},
				"down": {"uv": [9, 0, 6, 2], "texture": "#0"}
			}
		},
		{
			"from": [8, 0, 2],
			"to": [12, 4, 6],
			"rotation": {"angle": 22.5, "axis": "y", "origin": [10, 2, 4]},
			"faces": {
				"north": {"uv": [6, 2, 8, 4], "texture": "#0"},
				"east": {"uv": [4, 6.5, 6, 8.5], "texture": "#0"},
				"south": {"uv": [6, 6.5, 8, 8.5], "texture": "#0"},
				"west": {"uv": [7, 4, 9, 6], "texture": "#0"},
				"up": {"uv": [10, 4, 8, 2], "texture": "#0"},
				"down": {"uv": [10, 6, 8, 8], "texture": "#0"}
			}
		}
	],
	"display": {
		"thirdperson_righthand": {
			"rotation": [0, -180, 0],
			"translation": [0, 3.5, -0.25],
			"scale": [0.8, 0.8, 0.8]
		},
		"thirdperson_lefthand": {
			"rotation": [0, -180, 0],
			"translation": [0, 3.5, -0.25],
			"scale": [0.8, 0.8, 0.8]
		},
		"firstperson_righthand": {
			"rotation": [168.42, 76.25, 170.38],
			"translation": [0.75, 7, 1.25],
			"scale": [0.9, 0.9, 0.9]
		},
		"firstperson_lefthand": {
			"rotation": [168.42, 76.25, 170.38],
			"translation": [0.75, 7, 1.25],
			"scale": [0.9, 0.9, 0.9]
		}
	},
	"groups": [
		{
			"name": "coal",
			"origin": [8, 4.5, 9],
			"color": 0,
			"children": [0, 1]
		}
	]
}