{
	"format_version": "1.9.0",
	"credit": "Made with Blockbench",
	"texture_size": [32, 32],
	"textures": {
		"1": "item/dark_oak_boat_hand",
		"particle": "item/dark_oak_boat_hand"
	},
	"elements": [
		{
			"from": [5, 1, 3],
			"to": [11, 3, 11],
			"rotation": {"angle": 0, "axis": "y", "origin": [7, 1, 6]},
			"faces": {
				"north": {"uv": [0, 8.5, 3, 9.5], "texture": "#1"},
				"east": {"uv": [6, 3, 10, 4], "texture": "#1"},
				"south": {"uv": [3, 8.5, 6, 9.5], "texture": "#1"},
				"west": {"uv": [6, 7, 10, 8], "texture": "#1"},
				"up": {"uv": [3, 4, 0, 0], "texture": "#1"},
				"down": {"uv": [6, 0, 3, 4], "texture": "#1"}
			}
		},
		{
			"from": [2, 3, 10],
			"to": [3, 9, 11],
			"rotation": {"angle": -45, "axis": "z", "origin": [2.5, 3.5, 10.5]},
			"faces": {
				"north": {"uv": [0, 11, 0.5, 14], "texture": "#1"},
				"east": {"uv": [11, 0, 11.5, 3], "texture": "#1"},
				"south": {"uv": [0.5, 11, 1, 14], "texture": "#1"},
				"west": {"uv": [1, 11, 1.5, 14], "texture": "#1"},
				"up": {"uv": [11.5, 9.5, 11, 9], "texture": "#1"},
				"down": {"uv": [11.5, 9.5, 11, 10], "texture": "#1"}
			}
		},
		{
			"from": [10, 2, 4],
			"to": [12, 5, 10],
			"rotation": {"angle": 0, "axis": "y", "origin": [8, 3, 6]},
			"faces": {
				"north": {"uv": [2, 9.5, 3, 11], "texture": "#1"},
				"east": {"uv": [6, 0, 9, 1.5], "texture": "#1"},
				"south": {"uv": [3, 9.5, 4, 11], "texture": "#1"},
				"west": {"uv": [6, 1.5, 9, 3], "texture": "#1"},
				"up": {"uv": [10, 3, 9, 0], "texture": "#1"},
				"down": {"uv": [7, 9, 6, 12], "texture": "#1"}
			}
		},
		{
			"from": [4, 2, 4],
			"to": [6, 5, 10],
			"rotation": {"angle": 0, "axis": "y", "origin": [2, 3, 6]},
			"faces": {
				"north": {"uv": [4, 9.5, 5, 11], "texture": "#1"},
				"east": {"uv": [0, 7, 3, 8.5], "texture": "#1"},
				"south": {"uv": [5, 9.5, 6, 11], "texture": "#1"},
				"west": {"uv": [3, 7, 6, 8.5], "texture": "#1"},
				"up": {"uv": [8, 12, 7, 9], "texture": "#1"},
				"down": {"uv": [9, 9, 8, 12], "texture": "#1"}
			}
		},
		{
			"from": [4, 2, 2],
			"to": [12, 5, 4],
			"rotation": {"angle": 0, "axis": "y", "origin": [2, 3, -2]},
			"faces": {
				"north": {"uv": [0, 4, 4, 5.5], "texture": "#1"},
				"east": {"uv": [10, 0, 11, 1.5], "texture": "#1"},
				"south": {"uv": [4, 4, 8, 5.5], "texture": "#1"},
				"west": {"uv": [10, 1.5, 11, 3], "texture": "#1"},
				"up": {"uv": [12, 5, 8, 4], "texture": "#1"},
				"down": {"uv": [12, 5, 8, 6], "texture": "#1"}
			}
		},
		{
			"from": [4, 2, 10],
			"to": [12, 5, 12],
			"rotation": {"angle": 0, "axis": "y", "origin": [2, 3, 7]},
			"faces": {
				"north": {"uv": [0, 5.5, 4, 7], "texture": "#1"},
				"east": {"uv": [10, 7, 11, 8.5], "texture": "#1"},
				"south": {"uv": [4, 5.5, 8, 7], "texture": "#1"},
				"west": {"uv": [9, 10.5, 10, 12], "texture": "#1"},
				"up": {"uv": [10, 9, 6, 8], "texture": "#1"},
				"down": {"uv": [12, 6, 8, 7], "texture": "#1"}
			}
		},
		{
			"from": [8, 3, 10],
			"to": [14, 4, 11],
			"rotation": {"angle": -45, "axis": "z", "origin": [13.5, 3.5, 10.5]},
			"faces": {
				"north": {"uv": [10, 3, 13, 3.5], "texture": "#1"},
				"east": {"uv": [5.5, 11, 6, 11.5], "texture": "#1"},
				"south": {"uv": [10, 3.5, 13, 4], "texture": "#1"},
				"west": {"uv": [11, 8, 11.5, 8.5], "texture": "#1"},
				"up": {"uv": [13, 9, 10, 8.5], "texture": "#1"},
				"down": {"uv": [13, 10.5, 10, 11], "texture": "#1"}
			}
		},
		{
			"from": [14, 3, 9],
			"to": [18, 4, 12],
			"rotation": {"angle": -45, "axis": "z", "origin": [13.5, 3.5, 10.5]},
			"faces": {
				"north": {"uv": [1.5, 11, 3.5, 11.5], "texture": "#1"},
				"east": {"uv": [11, 7, 12.5, 7.5], "texture": "#1"},
				"south": {"uv": [3.5, 11, 5.5, 11.5], "texture": "#1"},
				"west": {"uv": [11, 7.5, 12.5, 8], "texture": "#1"},
				"up": {"uv": [11, 10.5, 9, 9], "texture": "#1"},
				"down": {"uv": [2, 9.5, 0, 11], "texture": "#1"}
			}
		},
		{
			"from": [2, -1, 9],
			"to": [3, 3, 12],
			"rotation": {"angle": -45, "axis": "z", "origin": [2.5, 3.5, 10.5]},
			"faces": {
				"north": {"uv": [3.5, 11, 5.5, 11.5], "texture": "#1"},
				"east": {"uv": [2, 9.5, 0, 11], "texture": "#1"},
				"south": {"uv": [1.5, 11, 3.5, 11.5], "texture": "#1"},
				"west": {"uv": [11, 10.5, 9, 9], "rotation": 90, "texture": "#1"},
				"up": {"uv": [11, 7.5, 12.5, 8], "texture": "#1"},
				"down": {"uv": [11, 7, 12.5, 7.5], "texture": "#1"}
			}
		}
	],
	"display": {
		"thirdperson_righthand": {
			"rotation": [0, -180, 0],
			"translation": [0, 4.5, 0.5],
			"scale": [0.8, 0.8, 0.8]
		},
		"thirdperson_lefthand": {
			"rotation": [0, -180, 0],
			"translation": [0, 4.5, 0.5],
			"scale": [0.8, 0.8, 0.8]
		},
		"firstperson_righthand": {
			"rotation": [-52.06, 64.75, 34.71],
			"translation": [-1.25, 7, 1.25]
		},
		"firstperson_lefthand": {
			"rotation": [-52.06, 64.75, 34.71],
			"translation": [-1.25, 7, 1.25]
		}
	},
	"groups": [
		{
			"name": "boat",
			"origin": [7, 0, 7],
			"color": 0,
			"children": [0, 1, 2, 3, 4, 5, 6, 7, 8]
		}
	]
}