{
	"format_version": "1.9.0",
	"credit": "Made with Blockbench",
	"texture_size": [32, 32],
	"textures": {
		"0": "item/flint_hand",
		"particle": "item/flint_hand"
	},
	"elements": [
		{
			"from": [8, -1, 2],
			"to": [14, 7, 5],
			"rotation": {"angle": -22.5, "axis": "z", "origin": [11, 3.5, 3.5]},
			"faces": {
				"north": {"uv": [0, 5, 3, 9], "texture": "#0"},
				"east": {"uv": [2, 9, 3.5, 13], "texture": "#0"},
				"south": {"uv": [3, 5, 6, 9], "texture": "#0"},
				"west": {"uv": [3.5, 9, 5, 13], "texture": "#0"},
				"up": {"uv": [8, 11.5, 5, 10], "texture": "#0"},
				"down": {"uv": [11, 10, 8, 11.5], "texture": "#0"}
			}
		},
		{
			"from": [3.30656, -0.5412, 3],
			"to": [7.30656, 6.4588, 6],
			"rotation": {"angle": 45, "axis": "z", "origin": [5.30656, 2.9588, 4.5]},
			"faces": {
				"north": {"uv": [8, 0, 10, 3.5], "texture": "#0"},
				"east": {"uv": [9, 6.5, 10.5, 10], "texture": "#0"},
				"south": {"uv": [0, 9, 2, 12.5], "texture": "#0"},
				"west": {"uv": [10, 0, 11.5, 3.5], "texture": "#0"},
				"up": {"uv": [12.5, 8, 10.5, 6.5], "texture": "#0"},
				"down": {"uv": [12.5, 8, 10.5, 9.5], "texture": "#0"}
			}
		},
		{
			"from": [5, 0, 5],
			"to": [13, 10, 8],
			"rotation": {"angle": 0, "axis": "z", "origin": [10, 3.5, 6.5]},
			"faces": {
				"north": {"uv": [0, 0, 4, 5], "texture": "#0"},
				"east": {"uv": [6, 5, 7.5, 10], "texture": "#0"},
				"south": {"uv": [0, 0, 4, 5], "texture": "#0"},
				"west": {"uv": [7.5, 5, 9, 10], "texture": "#0"},
				"up": {"uv": [12, 5, 8, 3.5], "texture": "#0"},
				"down": {"uv": [13, 5, 9, 6.5], "texture": "#0"}
			}
		}
	],
	"display": {
		"thirdperson_righthand": {
			"rotation": [0, 180, 0],
			"translation": [0.5, 3.75, 0.25],
			"scale": [0.7, 0.7, 0.7]
		},
		"thirdperson_lefthand": {
			"rotation": [0, -180, 0],
			"translation": [0.5, 3.75, 0.25],
			"scale": [0.7, 0.7, 0.7]
		},
		"firstperson_righthand": {
			"rotation": [168.42, 76.25, 170.38],
			"translation": [0.75, 7, 1.25],
			"scale": [0.9, 0.9, 0.9]
		},
		"firstperson_lefthand": {
			"rotation": [168.42, 76.25, 170.38],
			"translation": [0.75, 7, 1.25],
			"scale": [0.9, 0.9, 0.9]
		}
	},
	"groups": [
		{
			"name": "flint",
			"origin": [10, 3.5, 1.5],
			"color": 0,
			"children": [0, 1, 2]
		}
	]
}