{
	"credit": "Made with Blockbench",
	"textures": {
		"0": "item/flint_and_steel_hand",
		"particle": "item/flint_and_steel_hand"
	},
	"elements": [
		{
			"from": [7.5, 1.5, 13.5],
			"to": [8.5, 7.5, 17.5],
			"rotation": {"angle": -22.5, "axis": "x", "origin": [7.5, 1.5, 13.5]},
			"faces": {
				"north": {"uv": [10, 0, 11, 6], "texture": "#0"},
				"east": {"uv": [0, 0, 4, 6], "texture": "#0"},
				"south": {"uv": [2, 10, 3, 16], "texture": "#0"},
				"west": {"uv": [4, 0, 8, 6], "texture": "#0"},
				"up": {"uv": [7, 14, 6, 10], "texture": "#0"},
				"down": {"uv": [8, 10, 7, 14], "texture": "#0"}
			}
		},
		{
			"from": [7, 0, 8],
			"to": [9, 4, 12],
			"rotation": {"angle": 0, "axis": "y", "origin": [7, 0, 9]},
			"faces": {
				"north": {"uv": [8, 0, 10, 4], "texture": "#0"},
				"east": {"uv": [0, 6, 4, 10], "texture": "#0"},
				"south": {"uv": [8, 4, 10, 8], "texture": "#0"},
				"west": {"uv": [4, 6, 8, 10], "texture": "#0"},
				"up": {"uv": [10, 12, 8, 8], "texture": "#0"},
				"down": {"uv": [2, 10, 0, 14], "texture": "#0"}
			}
		},
		{
			"from": [7.5, -2, 8.5],
			"to": [8.5, 0, 11.5],
			"rotation": {"angle": 0, "axis": "y", "origin": [7.5, -4, 8.5]},
			"faces": {
				"north": {"uv": [11, 3, 12, 5], "texture": "#0"},
				"east": {"uv": [3, 10, 6, 12], "texture": "#0"},
				"south": {"uv": [11, 8, 12, 10], "texture": "#0"},
				"west": {"uv": [10, 6, 13, 8], "texture": "#0"},
				"up": {"uv": [11, 11, 10, 8], "texture": "#0"},
				"down": {"uv": [12, 0, 11, 3], "texture": "#0"}
			}
		}
	],
	"display": {
		"thirdperson_righthand": {
			"rotation": [0, -180, 0],
			"translation": [0, 4.75, 1.75],
			"scale": [0.8, 0.8, 0.8]
		},
		"thirdperson_lefthand": {
			"rotation": [0, -180, 0],
			"translation": [0, 4.75, 1.75],
			"scale": [0.8, 0.8, 0.8]
		},
		"firstperson_righthand": {
			"rotation": [168.42, 76.25, 170.38],
			"translation": [0.75, 7, 1.25],
			"scale": [0.8, 0.8, 0.8]
		},
		"firstperson_lefthand": {
			"rotation": [168.42, 76.25, 170.38],
			"translation": [0.75, 7, 1.25],
			"scale": [0.8, 0.8, 0.8]
		},
		"gui": {
			"rotation": [30, -135, 0],
			"translation": [0, 6.25, 0],
			"scale": [1.5, 1.5, 1.5]
		}
	},
	"groups": [
		{
			"name": "group",
			"origin": [7, 0, 6],
			"color": 0,
			"children": [0, 1, 2]
		}
	]
}