{
	"format_version": "1.21.6",
	"credit": "Made with Blockbench",
	"textures": {
		"0": "item/glow_ink_sac_hand",
		"1": "item/sacglow",
		"particle": "item/glow_ink_sac_hand"
	},
	"elements": [
		{
			"from": [5.25, 1, 5],
			"to": [11.25, 4, 9],
			"light_emission": 15,
			"rotation": {"angle": 0, "axis": "y", "origin": [9.25, 1, 6]},
			"faces": {
				"north": {"uv": [6, 6, 12, 9], "texture": "#0"},
				"east": {"uv": [8, 0, 12, 3], "texture": "#0"},
				"south": {"uv": [0, 6, 6, 9], "texture": "#0"},
				"west": {"uv": [8, 3, 12, 6], "texture": "#0"},
				"up": {"uv": [4, 6, 0, 0], "rotation": 90, "texture": "#0"},
				"down": {"uv": [8, 0, 4, 6], "rotation": 270, "texture": "#0"}
			}
		},
		{
			"from": [4, 2, 6],
			"to": [6, 4, 8],
			"light_emission": 15,
			"rotation": {"angle": -22.5, "axis": "z", "origin": [6, 4, 6]},
			"faces": {
				"north": {"uv": [12, 2, 14, 4], "rotation": 90, "texture": "#0"},
				"east": {"uv": [14, 4, 12, 6], "rotation": 180, "texture": "#0"},
				"south": {"uv": [12, 0, 14, 2], "rotation": 270, "texture": "#0"},
				"west": {"uv": [6, 14, 4, 12], "texture": "#0"},
				"up": {"uv": [0, 12, 2, 14], "rotation": 270, "texture": "#0"},
				"down": {"uv": [2, 12, 4, 14], "rotation": 270, "texture": "#0"}
			}
		},
		{
			"from": [2.85, 1.65, 5.55],
			"to": [4.85, 4.65, 8.55],
			"light_emission": 15,
			"rotation": {"angle": -22.5, "axis": "z", "origin": [5.85, 3.65, 6.55]},
			"faces": {
				"north": {"uv": [9, 11, 12, 13], "rotation": 90, "texture": "#0"},
				"east": {"uv": [6, 9, 3, 12], "rotation": 180, "texture": "#0"},
				"south": {"uv": [9, 9, 12, 11], "rotation": 270, "texture": "#0"},
				"west": {"uv": [3, 12, 0, 9], "texture": "#0"},
				"up": {"uv": [6, 9, 9, 11], "rotation": 270, "texture": "#0"},
				"down": {"uv": [6, 11, 9, 13], "rotation": 270, "texture": "#0"}
			}
		},
		{
			"name": "cube_outline",
			"from": [5.05, 4.85, 8.75],
			"to": [2.65, 1.45, 5.35],
			"rotation": {"angle": -22.5, "axis": "z", "origin": [5.85, 3.65, 6.55]},
			"faces": {
				"north": {"uv": [10, 6, 12, 9], "texture": "#1"},
				"east": {"uv": [4, 9, 7, 12], "texture": "#1"},
				"south": {"uv": [10, 9, 12, 12], "texture": "#1"},
				"west": {"uv": [8.5, 11, 11.5, 14], "rotation": 270, "texture": "#1"},
				"up": {"uv": [2, 14, 0, 11], "texture": "#1"},
				"down": {"uv": [4, 11, 2, 14], "texture": "#1"}
			}
		},
		{
			"name": "cube_outline",
			"from": [6.2, 4.2, 8.2],
			"to": [3.8, 1.8, 5.8],
			"rotation": {"angle": -22.5, "axis": "z", "origin": [6, 4, 6]},
			"faces": {
				"north": {"uv": [14, 0, 16, 2], "texture": "#1"},
				"east": {"uv": [12, 2, 14, 4], "texture": "#1"},
				"south": {"uv": [8, 12, 10, 14], "texture": "#1"},
				"west": {"uv": [14, 4, 16, 6], "texture": "#1"},
				"up": {"uv": [8, 14, 6, 12], "texture": "#1"},
				"down": {"uv": [14, 6, 12, 8], "texture": "#1"}
			}
		},
		{
			"name": "cube_outline",
			"from": [11.45, 4.2, 9.2],
			"to": [5.05, 0.8, 4.8],
			"rotation": {"angle": 0, "axis": "y", "origin": [9.25, 1, 6]},
			"faces": {
				"north": {"uv": [6, 0, 12, 3], "texture": "#1"},
				"east": {"uv": [8, 12.5, 12, 15.2], "texture": "#1"},
				"south": {"uv": [6, 3, 12, 6], "texture": "#1"},
				"west": {"uv": [0, 8, 4, 11], "texture": "#1"},
				"up": {"uv": [6, 4, 0, 0], "texture": "#1"},
				"down": {"uv": [6, 4, 0, 8], "texture": "#1"}
			}
		}
	],
	"display": {
		"thirdperson_righthand": {
			"rotation": [0, -180, 0],
			"translation": [0.5, 5.25, 0.5],
			"scale": [0.8, 0.8, 0.8]
		},
		"thirdperson_lefthand": {
			"rotation": [0, -180, 0],
			"translation": [0.5, 5.25, 0.5],
			"scale": [0.8, 0.8, 0.8]
		},
		"firstperson_righthand": {
			"rotation": [168.42, 76.25, 170.38],
			"translation": [0.75, 7, 1.25]
		},
		"firstperson_lefthand": {
			"rotation": [168.42, 76.25, 170.38],
			"translation": [0.75, 7, 1.25]
		}
	},
	"groups": [
		{
			"name": "ink_sac",
			"origin": [7.5, 3.5, 8.85],
			"color": 0,
			"children": [0, 1, 2, 3, 4, 5]
		}
	]
}