{
	"format_version": "1.21.6",
	"credit": "Made with Blockbench",
	"textures": {
		"1": "item/guster_banner_pattern_hand"
	},
	"elements": [
		{
			"from": [4, 7.75, 7],
			"to": [12, 10.75, 10],
			"rotation": {"angle": 0, "axis": "y", "origin": [8, 4.75, 9]},
			"faces": {
				"north": {"uv": [8, 0, 16, 3], "texture": "#1"},
				"east": {"uv": [11, 3, 8, 6], "texture": "#1"},
				"south": {"uv": [8, 0, 16, 3], "texture": "#1"},
				"west": {"uv": [8, 3, 11, 6], "texture": "#1"},
				"up": {"uv": [8, 8, 0, 11], "texture": "#1"},
				"down": {"uv": [0, 11, 8, 14], "texture": "#1"}
			}
		},
		{
			"from": [4, -0.25, 8.5],
			"to": [12, 7.75, 8.5],
			"rotation": {"angle": 0, "axis": "y", "origin": [8, 4.75, 7.5]},
			"faces": {
				"north": {"uv": [0, 0, 8, 8], "texture": "#1"},
				"east": {"uv": [0, 0, 0, 8], "texture": "#1"},
				"south": {"uv": [0, 0, 8, 8], "texture": "#1"},
				"west": {"uv": [0, 0, 0, 8], "texture": "#1"},
				"up": {"uv": [8, 0, 0, 0], "texture": "#1"},
				"down": {"uv": [0, 0, 8, 0], "texture": "#1"}
			}
		},
		{
			"from": [12, 8.25, 7.5],
			"to": [13, 10.25, 9.5],
			"rotation": {"angle": 0, "axis": "y", "origin": [8, 5.25, 8.5]},
			"faces": {
				"north": {"uv": [10, 6, 11, 8], "texture": "#1"},
				"east": {"uv": [8, 6, 10, 8], "texture": "#1"},
				"south": {"uv": [8, 10, 9, 12], "texture": "#1"},
				"west": {"uv": [8, 8, 10, 10], "texture": "#1"},
				"up": {"uv": [11, 10, 10, 8], "texture": "#1"},
				"down": {"uv": [10, 10, 9, 12], "texture": "#1"}
			}
		},
		{
			"from": [3, 8.25, 7.5],
			"to": [4, 10.25, 9.5],
			"rotation": {"angle": 0, "axis": "y", "origin": [-1, 5.25, 8.5]},
			"faces": {
				"north": {"uv": [10, 6, 11, 8], "texture": "#1"},
				"east": {"uv": [8, 6, 10, 8], "texture": "#1"},
				"south": {"uv": [8, 10, 9, 12], "texture": "#1"},
				"west": {"uv": [8, 8, 10, 10], "texture": "#1"},
				"up": {"uv": [11, 10, 10, 8], "texture": "#1"},
				"down": {"uv": [10, 10, 9, 12], "texture": "#1"}
			}
		}
	],
	"display": {
		"thirdperson_righthand": {
			"rotation": [69, 0, 0],
			"translation": [0, -1.25, -1.25],
			"scale": [0.8, 0.8, 0.8]
		},
		"thirdperson_lefthand": {
			"rotation": [69, 0, 0],
			"translation": [0, -0.75, -0.75],
			"scale": [0.8, 0.8, 0.8]
		},
		"firstperson_righthand": {
			"rotation": [168.42, 76.25, 170.38],
			"translation": [-1, -1.5, -1.25]
		},
		"firstperson_lefthand": {
			"rotation": [168.42, 76.25, 170.38],
			"translation": [-1, -1.5, -1.25]
		}
	},
	"groups": [
		{
			"name": "pattern",
			"origin": [8, -5, 8],
			"color": 0,
			"children": [0, 1, 2, 3]
		}
	]
}