{
	"format_version": "1.21.6",
	"credit": "Made with Blockbench",
	"texture_size": [32, 32],
	"textures": {
		"1": "item/heart_of_the_sea_hand",
		"particle": "item/heart_of_the_sea_hand"
	},
	"elements": [
		{
			"from": [5, 0.5, 6.75],
			"to": [11, 6.5, 12.75],
			"light_emission": 15,
			"rotation": {"angle": 0, "axis": "y", "origin": [8, 3.375, 9.75]},
			"faces": {
				"north": {"uv": [0, 0, 3, 3], "texture": "#1"},
				"east": {"uv": [0, 3, 3, 6], "texture": "#1"},
				"south": {"uv": [3, 0, 6, 3], "texture": "#1"},
				"west": {"uv": [3, 3, 6, 6], "texture": "#1"},
				"up": {"uv": [3, 9, 0, 6], "texture": "#1"},
				"down": {"uv": [9, 0, 6, 3], "texture": "#1"}
			}
		},
		{
			"from": [11.5, 2.25, 6.25],
			"to": [11.5, 4.25, 13.25],
			"light_emission": 15,
			"rotation": {"angle": 0, "axis": "y", "origin": [8, 3.375, 9.75]},
			"faces": {
				"north": {"uv": [0, 0, 0, 1], "texture": "#1"},
				"east": {"uv": [9, 3, 12.5, 4], "texture": "#1"},
				"south": {"uv": [0, 0, 0, 1], "texture": "#1"},
				"west": {"uv": [9, 3, 12.5, 4], "texture": "#1"},
				"up": {"uv": [0, 3.5, 0, 0], "texture": "#1"},
				"down": {"uv": [0, 0, 0, 3.5], "texture": "#1"}
			}
		},
		{
			"from": [4.5, 2.25, 6.25],
			"to": [4.5, 4.25, 13.25],
			"light_emission": 15,
			"rotation": {"angle": 0, "axis": "y", "origin": [8, 3.375, 9.75]},
			"faces": {
				"north": {"uv": [0, 0, 0, 1], "texture": "#1"},
				"east": {"uv": [9, 3, 12.5, 4], "texture": "#1"},
				"south": {"uv": [0, 0, 0, 1], "texture": "#1"},
				"west": {"uv": [9, 3, 12.5, 4], "texture": "#1"},
				"up": {"uv": [0, 0, 0, 3.5], "texture": "#1"},
				"down": {"uv": [0, 0, 0, 3.5], "texture": "#1"}
			}
		},
		{
			"from": [4.5, 2.25, 13.25],
			"to": [11.5, 4.25, 13.25],
			"light_emission": 15,
			"rotation": {"angle": 0, "axis": "y", "origin": [8, 3.375, 9.75]},
			"faces": {
				"north": {"uv": [9, 3, 12.5, 4], "texture": "#1"},
				"east": {"uv": [9, 3, 12.5, 4], "texture": "#1"},
				"south": {"uv": [9, 3, 12.5, 4], "texture": "#1"},
				"west": {"uv": [9, 3, 12.5, 4], "texture": "#1"},
				"up": {"uv": [0, 0, 0, 3.5], "texture": "#1"},
				"down": {"uv": [0, 0, 0, 3.5], "texture": "#1"}
			}
		},
		{
			"from": [4.5, 2.25, 6.25],
			"to": [11.5, 4.25, 6.25],
			"light_emission": 15,
			"rotation": {"angle": 0, "axis": "y", "origin": [8, 3.375, 9.75]},
			"faces": {
				"north": {"uv": [9, 3, 12.5, 4], "texture": "#1"},
				"east": {"uv": [9, 3, 12.5, 4], "texture": "#1"},
				"south": {"uv": [9, 3, 12.5, 4], "texture": "#1"},
				"west": {"uv": [0, 0, 0, 1], "texture": "#1"},
				"up": {"uv": [0, 0, 0, 3.5], "texture": "#1"},
				"down": {"uv": [0, 0, 0, 3.5], "texture": "#1"}
			}
		},
		{
			"name": "cube_outline",
			"from": [11.2, 6.7, 12.95],
			"to": [4.8, 0.3, 6.55],
			"rotation": {"angle": 0, "axis": "y", "origin": [8, 3.375, 9.75]},
			"faces": {
				"north": {"uv": [3, 6, 6, 9], "texture": "#1"},
				"east": {"uv": [6, 3, 9, 6], "texture": "#1"},
				"south": {"uv": [6, 6, 9, 9], "texture": "#1"},
				"west": {"uv": [0, 9, 3, 12], "texture": "#1"},
				"up": {"uv": [12, 3, 9, 0], "texture": "#1"},
				"down": {"uv": [6, 9, 3, 12], "texture": "#1"}
			}
		},
		{
			"name": "cube_outline",
			"from": [11.7, 4.45, 6.45],
			"to": [4.3, 2.05, 6.05],
			"rotation": {"angle": 0, "axis": "y", "origin": [8, 3.375, 9.75]},
			"faces": {
				"north": {"uv": [9.125, 8, 12.625, 9], "texture": "#1"},
				"east": {"uv": [6.5, 10, 7, 11], "texture": "#1"},
				"south": {"uv": [9, 5, 12.5, 6], "texture": "#1"},
				"west": {"uv": [9, 6, 12.5, 7], "texture": "#1"},
				"up": {"uv": [2, 11.5, 6, 12], "texture": "#1"},
				"down": {"uv": [9.5, 12.5, 10, 9], "texture": "#1"}
			}
		},
		{
			"name": "cube_outline",
			"from": [11.7, 4.45, 13.45],
			"to": [4.3, 2.05, 13.05],
			"rotation": {"angle": 0, "axis": "y", "origin": [8, 3.375, 9.75]},
			"faces": {
				"north": {"uv": [8.925, 7, 12.425, 8], "texture": "#1"},
				"east": {"uv": [9, 6, 12.5, 7], "texture": "#1"},
				"south": {"uv": [9, 6, 12.5, 7], "texture": "#1"},
				"west": {"uv": [9, 6, 12.5, 7], "texture": "#1"},
				"up": {"uv": [9.5, 9, 10, 12.5], "texture": "#1"},
				"down": {"uv": [9.5, 12.5, 10, 9], "texture": "#1"}
			}
		},
		{
			"name": "cube_outline",
			"from": [4.7, 4.45, 13.45],
			"to": [4.3, 2.05, 6.05],
			"rotation": {"angle": 0, "axis": "y", "origin": [8, 3.375, 9.75]},
			"faces": {
				"north": {"uv": [6, 10, 6.5, 11], "texture": "#1"},
				"east": {"uv": [9.45, 9, 5.95, 10], "texture": "#1"},
				"south": {"uv": [6, 10, 6.5, 11], "texture": "#1"},
				"west": {"uv": [9.125, 6.5, 12.625, 5.5], "texture": "#1"},
				"up": {"uv": [2, 12, 6, 11.5], "rotation": 90, "texture": "#1"},
				"down": {"uv": [9.5, 12.5, 10, 9], "texture": "#1"}
			}
		},
		{
			"name": "cube_outline",
			"from": [11.7, 4.45, 13.45],
			"to": [11.3, 2.05, 6.05],
			"rotation": {"angle": 0, "axis": "y", "origin": [8, 3.375, 9.75]},
			"faces": {
				"north": {"uv": [6, 10, 6.5, 11], "texture": "#1"},
				"east": {"uv": [12.625, 4, 9.125, 5], "texture": "#1"},
				"south": {"uv": [6, 10, 6.5, 11], "texture": "#1"},
				"west": {"uv": [9, 6, 12.5, 7], "texture": "#1"},
				"up": {"uv": [1.5, 11.5, 6, 12], "rotation": 90, "texture": "#1"},
				"down": {"uv": [9.5, 12.5, 10, 9], "texture": "#1"}
			}
		}
	],
	"display": {
		"thirdperson_righthand": {
			"rotation": [0, -180, 0],
			"translation": [0, 4, 2],
			"scale": [0.6, 0.6, 0.6]
		},
		"thirdperson_lefthand": {
			"rotation": [0, 90, 0],
			"translation": [-1, 4, 1],
			"scale": [0.6, 0.6, 0.6]
		},
		"firstperson_righthand": {
			"rotation": [168.42, 76.25, 170.38],
			"translation": [0.75, 7, 1.25],
			"scale": [0.9, 0.9, 0.9]
		},
		"firstperson_lefthand": {
			"rotation": [168.42, 76.25, 170.38],
			"translation": [0.75, 7, 1.25],
			"scale": [0.9, 0.9, 0.9]
		},
		"ground": {
			"translation": [0, 4, 0],
			"scale": [0.7, 0.7, 0.7]
		},
		"gui": {
			"rotation": [30, -45, 0],
			"translation": [0, 5.25, 0],
			"scale": [1.5, 1.5, 1.5]
		},
		"head": {
			"translation": [0, 7.75, 0]
		}
	},
	"groups": [
		{
			"name": "magma",
			"origin": [8, 8, 8],
			"color": 0,
			"children": [0, 1, 2, 3, 4, 5, 6, 7, 8, 9]
		}
	]
}