{
	"format_version": "1.21.6",
	"credit": "Made with Blockbench",
	"texture_size": [32, 32],
	"textures": {
		"2": "item/iron_ingot_hand"
	},
	"elements": [
		{
			"from": [2, 0, 3],
			"to": [14, 4, 9],
			"light_emission": 15,
			"rotation": {"angle": 0, "axis": "y", "origin": [8, 0, 6]},
			"faces": {
				"north": {"uv": [6, 3, 12, 5], "texture": "#2"},
				"east": {"uv": [6, 7, 9, 9], "texture": "#2"},
				"south": {"uv": [6, 3, 12, 5], "texture": "#2"},
				"west": {"uv": [6, 7, 9, 9], "texture": "#2"},
				"up": {"uv": [6, 3, 0, 0], "texture": "#2"},
				"down": {"uv": [6, 3, 0, 6], "texture": "#2"}
			}
		},
		{
			"name": "cube_outline",
			"from": [14.2, 4.2, 9.2],
			"to": [1.8, -0.2, 2.8],
			"rotation": {"angle": 0, "axis": "y", "origin": [8, 0, 6]},
			"faces": {
				"north": {"uv": [6, 5, 12, 7], "texture": "#2"},
				"east": {"uv": [0, 9, 3, 11], "texture": "#2"},
				"south": {"uv": [6, 5, 12, 7], "texture": "#2"},
				"west": {"uv": [0, 9, 3, 11], "texture": "#2"},
				"up": {"uv": [6, 9, 0, 6], "texture": "#2"},
				"down": {"uv": [12, 0, 6, 3], "texture": "#2"}
			}
		}
	],
	"display": {
		"thirdperson_righthand": {
			"translation": [0, 4, 1.25],
			"scale": [0.6, 0.6, 0.6]
		},
		"thirdperson_lefthand": {
			"translation": [0, 4, 2.25],
			"scale": [0.6, 0.6, 0.6]
		},
		"firstperson_righthand": {
			"rotation": [168.42, 76.25, 170.38],
			"translation": [0.75, 7, 1.25],
			"scale": [0.8, 0.8, 0.8]
		},
		"firstperson_lefthand": {
			"rotation": [168.42, 76.25, 170.38],
			"translation": [0.75, 7, 1.25],
			"scale": [0.8, 0.8, 0.8]
		}
	}
}