{
	"format_version": "1.21.6",
	"credit": "Made with Blockbench",
	"texture_size": [32, 32],
	"textures": {
		"2": "item/lapis_lazuli_hand"
	},
	"elements": [
		{
			"from": [5, 0, 5],
			"to": [11, 6, 11],
			"rotation": {"angle": 0, "axis": "y", "origin": [5, 0, 5]},
			"faces": {
				"north": {"uv": [0, 0, 3, 3], "texture": "#2"},
				"east": {"uv": [0, 3, 3, 6], "texture": "#2"},
				"south": {"uv": [3, 0, 6, 3], "texture": "#2"},
				"west": {"uv": [3, 3, 6, 6], "texture": "#2"},
				"up": {"uv": [3, 9, 0, 6], "texture": "#2"},
				"down": {"uv": [6, 3, 3, 6], "texture": "#2"}
			}
		},
		{
			"from": [9, 4, 6],
			"to": [13, 8, 10],
			"rotation": {"angle": 0, "axis": "y", "origin": [10, 4, 6]},
			"faces": {
				"north": {"uv": [9, 0, 11, 2], "texture": "#2"},
				"east": {"uv": [11, 0, 9, 2], "texture": "#2"},
				"south": {"uv": [9, 2, 11, 4], "texture": "#2"},
				"west": {"uv": [3, 9, 5, 11], "texture": "#2"},
				"up": {"uv": [11, 6, 9, 4], "texture": "#2"},
				"down": {"uv": [7, 9, 5, 11], "texture": "#2"}
			}
		},
		{
			"name": "cube_outline",
			"from": [13.2, 8.2, 10.2],
			"to": [8.8, 3.8, 5.8],
			"rotation": {"angle": 0, "axis": "y", "origin": [10, 4, 6]},
			"faces": {
				"north": {"uv": [9, 6, 11, 8], "texture": "#2"},
				"east": {"uv": [7, 9, 9, 11], "texture": "#2"},
				"south": {"uv": [9, 8, 11, 10], "texture": "#2"},
				"west": {"uv": [11, 8, 9, 10], "texture": "#2"},
				"up": {"uv": [11, 12, 9, 10], "texture": "#2"},
				"down": {"uv": [13, 0, 11, 2], "texture": "#2"}
			}
		},
		{
			"name": "cube_outline",
			"from": [11.2, 6.2, 11.2],
			"to": [4.8, -0.2, 4.8],
			"rotation": {"angle": 0, "axis": "y", "origin": [5, 0, 5]},
			"faces": {
				"north": {"uv": [6, 0, 9, 3], "texture": "#2"},
				"east": {"uv": [3, 6, 6, 9], "texture": "#2"},
				"south": {"uv": [6, 3, 9, 6], "texture": "#2"},
				"west": {"uv": [6, 6, 9, 9], "texture": "#2"},
				"up": {"uv": [3, 6, 6, 9], "texture": "#2"},
				"down": {"uv": [3, 9, 0, 12], "texture": "#2"}
			}
		}
	],
	"display": {
		"thirdperson_righthand": {
			"rotation": [0, -180, 0],
			"translation": [-0.5, 4.25, 1.75],
			"scale": [0.6, 0.6, 0.6]
		},
		"thirdperson_lefthand": {
			"rotation": [0, -180, 0],
			"translation": [-0.5, 4.25, 1.75],
			"scale": [0.6, 0.6, 0.6]
		},
		"firstperson_righthand": {
			"rotation": [168.42, 76.25, 170.38],
			"translation": [0.75, 7, 1.25],
			"scale": [0.8, 0.8, 0.8]
		},
		"firstperson_lefthand": {
			"rotation": [168.42, 76.25, 170.38],
			"translation": [0.75, 7, 1.25],
			"scale": [0.8, 0.8, 0.8]
		}
	},
	"groups": [
		{
			"name": "lapis",
			"origin": [5, 0, 6.5],
			"color": 0,
			"children": [0, 1, 2, 3]
		}
	]
}