{
	"format_version": "1.21.6",
	"credit": "Made with Blockbench",
	"texture_size": [32, 32],
	"textures": {
		"2": "item/name_tag_hand"
	},
	"elements": [
		{
			"from": [5.5, -6.5, 5.5],
			"to": [10.5, 3.5, 6.5],
			"rotation": {"angle": 0, "axis": "x", "origin": [8, -1.5, 6]},
			"faces": {
				"north": {"uv": [2.5, 0, 0, 5], "texture": "#2"},
				"east": {"uv": [4.5, 0, 9.5, 0.5], "rotation": 270, "texture": "#2"},
				"south": {"uv": [2.5, 5, 0, 0], "rotation": 180, "texture": "#2"},
				"west": {"uv": [2.5, 4, 7.5, 4.5], "rotation": 90, "texture": "#2"},
				"up": {"uv": [4.5, 1, 7, 1.5], "rotation": 180, "texture": "#2"},
				"down": {"uv": [4.5, 0.5, 7, 1], "texture": "#2"}
			}
		},
		{
			"from": [8, 1.5, 4],
			"to": [8, 5.5, 8],
			"rotation": {"angle": 0, "axis": "y", "origin": [8, 3.5, 6]},
			"faces": {
				"north": {"uv": [0, 0, 0, 2], "texture": "#2"},
				"east": {"uv": [2.5, 2, 4.5, 4], "rotation": 270, "texture": "#2"},
				"south": {"uv": [0, 2, 0, 0], "rotation": 180, "texture": "#2"},
				"west": {"uv": [2.5, 2, 4.5, 4], "rotation": 270, "texture": "#2"},
				"up": {"uv": [0, 0, 0, 2], "rotation": 180, "texture": "#2"},
				"down": {"uv": [0, 0, 0, 2], "texture": "#2"}
			}
		}
	],
	"display": {
		"thirdperson_righthand": {
			"rotation": [67, 0, 0],
			"translation": [0.5, -1.5, 3.5],
			"scale": [0.81, 0.81, 0.81]
		},
		"thirdperson_lefthand": {
			"rotation": [67, 0, 0],
			"translation": [0.5, -0.75, 3.75],
			"scale": [0.81, 0.81, 0.81]
		},
		"firstperson_righthand": {
			"rotation": [-144.09, 73.61, 122.94],
			"translation": [0.75, 5.5, -1.25],
			"scale": [0.8, 0.8, 0.8]
		},
		"firstperson_lefthand": {
			"rotation": [168.42, 76.25, 170.38],
			"translation": [0.75, 5.5, -0.75],
			"scale": [0.8, 0.8, 0.8]
		}
	},
	"groups": [
		{
			"name": "tag",
			"origin": [7.5, -1, 10],
			"color": 0,
			"children": [0, 1]
		}
	]
}