{
	"format_version": "1.21.6",
	"credit": "Made with Blockbench",
	"texture_size": [32, 32],
	"textures": {
		"0": "item/nautilus_shell_hand",
		"particle": "item/nautilus_shell_hand"
	},
	"elements": [
		{
			"from": [6, 1, 6],
			"to": [10, 9, 15],
			"rotation": {"angle": -22.5, "axis": "x", "origin": [10, 1, 14]},
			"faces": {
				"north": {"uv": [0, 4, 2, 8], "texture": "#0"},
				"east": {"uv": [6, 8, 10.5, 12], "texture": "#0"},
				"south": {"uv": [2, 4, 4, 8], "texture": "#0"},
				"west": {"uv": [10.5, 8, 6, 12], "texture": "#0"},
				"up": {"uv": [2, 14, 0, 9.5], "texture": "#0"},
				"down": {"uv": [11.5, 1.5, 9.5, 6], "texture": "#0"}
			}
		},
		{
			"from": [6.5, -2, 7],
			"to": [9.5, -1, 12],
			"rotation": {"angle": 0, "axis": "y", "origin": [9.5, -2, 14]},
			"faces": {
				"north": {"uv": [1.5, 1, 3, 1.5], "texture": "#0"},
				"east": {"uv": [1.5, 0, 4, 0.5], "texture": "#0"},
				"south": {"uv": [1.5, 1.5, 3, 2], "texture": "#0"},
				"west": {"uv": [1.5, 0.5, 4, 1], "texture": "#0"},
				"up": {"uv": [1.5, 2.5, 0, 0], "texture": "#0"},
				"down": {"uv": [0, 0, 1.5, 2.5], "texture": "#0"}
			}
		}
	],
	"display": {
		"thirdperson_righthand": {
			"rotation": [-20, -180, 0],
			"translation": [0, 1.5, -2.25],
			"scale": [0.75, 0.75, 0.75]
		},
		"thirdperson_lefthand": {
			"rotation": [-20, -180, 0],
			"translation": [0, 1.5, -2.25],
			"scale": [0.75, 0.75, 0.75]
		},
		"firstperson_righthand": {
			"rotation": [168.42, 76.25, 170.38],
			"translation": [0.75, 7, 1.25],
			"scale": [0.8, 0.8, 0.8]
		},
		"firstperson_lefthand": {
			"rotation": [168.42, 76.25, 170.38],
			"translation": [0.75, 7, 1.25],
			"scale": [0.8, 0.8, 0.8]
		}
	},
	"groups": [
		{
			"name": "group",
			"origin": [6.5, 0, 4],
			"color": 0,
			"children": [0, 1]
		}
	]
}