{
	"format_version": "1.21.6",
	"credit": "Made with Blockbench",
	"texture_size": [32, 32],
	"textures": {
		"0": "item/ominous_trial_key_hand",
		"particle": "item/ominous_trial_key_hand"
	},
	"elements": [
		{
			"from": [9, 7, 5.499],
			"to": [11, 8, 5.499],
			"light_emission": 15,
			"rotation": {"angle": 0, "axis": "y", "origin": [8, 6, 6.4]},
			"faces": {
				"north": {"uv": [8.5, 4, 9.5, 4.5], "texture": "#0"},
				"east": {"uv": [0, 0, 0, 0.5], "texture": "#0"},
				"south": {"uv": [8, 8.5, 9, 9], "texture": "#0"},
				"west": {"uv": [0, 0, 0, 0.5], "texture": "#0"},
				"up": {"uv": [1, 0, 0, 0], "texture": "#0"},
				"down": {"uv": [1, 0, 0, 0], "texture": "#0"}
			}
		},
		{
			"from": [5, 7, 5.499],
			"to": [7, 8, 5.499],
			"light_emission": 15,
			"rotation": {"angle": 0, "axis": "y", "origin": [4, 6, 6.4]},
			"faces": {
				"north": {"uv": [9, 2, 10, 2.5], "texture": "#0"},
				"east": {"uv": [0, 0, 0, 0.5], "texture": "#0"},
				"south": {"uv": [9, 2.5, 10, 3], "texture": "#0"},
				"west": {"uv": [0, 0, 0, 0.5], "texture": "#0"},
				"up": {"uv": [1, 0, 0, 0], "texture": "#0"},
				"down": {"uv": [1, 0, 0, 0], "texture": "#0"}
			}
		},
		{
			"from": [6, 6, 5.999],
			"to": [7, 7, 5.999],
			"light_emission": 15,
			"rotation": {"angle": 0, "axis": "y", "origin": [4, 5, 6.9]},
			"faces": {
				"north": {"uv": [6.5, 9, 7, 9.5], "texture": "#0"},
				"east": {"uv": [0, 0, 0, 0.5], "texture": "#0"},
				"south": {"uv": [7, 9, 7.5, 9.5], "texture": "#0"},
				"west": {"uv": [0, 0, 0, 0.5], "texture": "#0"},
				"up": {"uv": [0.5, 0, 0, 0], "texture": "#0"},
				"down": {"uv": [0, 0, 0.5, 0], "texture": "#0"}
			}
		},
		{
			"from": [9, 6, 5.999],
			"to": [10, 7, 5.999],
			"light_emission": 15,
			"rotation": {"angle": 0, "axis": "y", "origin": [7, 5, 6.9]},
			"faces": {
				"north": {"uv": [6.5, 9, 7, 9.5], "texture": "#0"},
				"east": {"uv": [0, 0, 0, 0.5], "texture": "#0"},
				"south": {"uv": [7, 9, 7.5, 9.5], "texture": "#0"},
				"west": {"uv": [0, 0, 0, 0.5], "texture": "#0"},
				"up": {"uv": [0.5, 0, 0, 0], "texture": "#0"},
				"down": {"uv": [0, 0, 0.5, 0], "texture": "#0"}
			}
		},
		{
			"from": [5.5, 6, 5.5],
			"to": [10.5, 11, 10.5],
			"rotation": {"angle": 0, "axis": "y", "origin": [6.5, 6, 6.5]},
			"faces": {
				"north": {"uv": [0, 0, 2.5, 2.5], "texture": "#0"},
				"east": {"uv": [2.5, 0, 5, 2.5], "texture": "#0"},
				"south": {"uv": [10, 8.5, 12.5, 11], "texture": "#0"},
				"west": {"uv": [10, 11, 12.5, 13.5], "texture": "#0"},
				"up": {"uv": [14, 6.5, 11.5, 4], "texture": "#0"},
				"down": {"uv": [9, 11.5, 6.5, 14], "texture": "#0"}
			}
		},
		{
			"from": [7, 5, 8.5],
			"to": [9, 6, 10.5],
			"rotation": {"angle": 0, "axis": "y", "origin": [8, 4, 6.5]},
			"faces": {
				"north": {"uv": [3, 9, 4, 9.5], "texture": "#0"},
				"east": {"uv": [9, 5.5, 9.5, 6], "texture": "#0"},
				"south": {"uv": [9, 3, 10, 3.5], "texture": "#0"},
				"west": {"uv": [6, 9, 6.5, 9.5], "texture": "#0"},
				"up": {"uv": [10, 4, 9, 3.5], "texture": "#0"},
				"down": {"uv": [5.5, 9, 4.5, 9.5], "texture": "#0"}
			}
		},
		{
			"from": [9, 5, 5.5],
			"to": [10, 6, 10.5],
			"rotation": {"angle": 0, "axis": "y", "origin": [9, 4, 5.5]},
			"faces": {
				"north": {"uv": [9, 5, 9.5, 5.5], "texture": "#0"},
				"east": {"uv": [8.5, 1, 10.5, 1.5], "texture": "#0"},
				"south": {"uv": [5.5, 9, 6, 9.5], "texture": "#0"},
				"west": {"uv": [8.5, 1.5, 10.5, 2], "texture": "#0"},
				"up": {"uv": [9, 4, 8.5, 2], "texture": "#0"},
				"down": {"uv": [4.5, 8.5, 4, 10.5], "texture": "#0"}
			}
		},
		{
			"from": [6, 5, 5.5],
			"to": [7, 6, 10.5],
			"rotation": {"angle": 0, "axis": "y", "origin": [6, 4, 5.5]},
			"faces": {
				"north": {"uv": [4.5, 8.5, 5, 9], "texture": "#0"},
				"east": {"uv": [8, 7.5, 10, 8], "texture": "#0"},
				"south": {"uv": [9, 4.5, 9.5, 5], "texture": "#0"},
				"west": {"uv": [8, 8, 10, 8.5], "texture": "#0"},
				"up": {"uv": [5.5, 4, 5, 2], "texture": "#0"},
				"down": {"uv": [6, 2, 5.5, 4], "texture": "#0"}
			}
		},
		{
			"from": [3.45, 5, 7.3],
			"to": [5.45, 6, 9.3],
			"rotation": {"angle": 45, "axis": "y", "origin": [2.45, 3, 7.3]},
			"faces": {
				"north": {"uv": [3, 2.5, 4, 3], "texture": "#0"},
				"east": {"uv": [3, 3, 4, 3.5], "texture": "#0"},
				"south": {"uv": [0, 3.5, 1, 4], "texture": "#0"},
				"west": {"uv": [1, 3.5, 2, 4], "texture": "#0"},
				"up": {"uv": [2, 3.5, 1, 2.5], "texture": "#0"},
				"down": {"uv": [3, 2.5, 2, 3.5], "texture": "#0"}
			}
		},
		{
			"from": [11.1, 5.5, 5],
			"to": [14.1, 8.5, 8],
			"rotation": {"angle": -45, "axis": "y", "origin": [11.1, 5.5, 5]},
			"faces": {
				"north": {"uv": [6, 4.5, 7.5, 6], "texture": "#0"},
				"east": {"uv": [5, 6, 6.5, 7.5], "texture": "#0"},
				"south": {"uv": [6.5, 6, 8, 7.5], "texture": "#0"},
				"west": {"uv": [7, 0, 8.5, 1.5], "texture": "#0"},
				"up": {"uv": [8.5, 3, 7, 1.5], "texture": "#0"},
				"down": {"uv": [8.5, 3, 7, 4.5], "texture": "#0"}
			}
		},
		{
			"from": [11.7, 5, 4.6],
			"to": [13.7, 6, 6.6],
			"rotation": {"angle": -45, "axis": "y", "origin": [10.7, 3, 4.6]},
			"faces": {
				"north": {"uv": [3, 2.5, 4, 3], "texture": "#0"},
				"east": {"uv": [3, 3, 4, 3.5], "texture": "#0"},
				"south": {"uv": [0, 3.5, 1, 4], "texture": "#0"},
				"west": {"uv": [1, 3.5, 2, 4], "texture": "#0"},
				"up": {"uv": [2, 3.5, 1, 2.5], "texture": "#0"},
				"down": {"uv": [3, 2.5, 2, 3.5], "texture": "#0"}
			}
		},
		{
			"from": [2.75, 5.5, 7],
			"to": [5.75, 8.5, 10],
			"rotation": {"angle": 45, "axis": "y", "origin": [2.75, 5.5, 7]},
			"faces": {
				"north": {"uv": [7.5, 4.5, 9, 6], "texture": "#0"},
				"east": {"uv": [5, 7.5, 6.5, 9], "texture": "#0"},
				"south": {"uv": [6.5, 7.5, 8, 9], "texture": "#0"},
				"west": {"uv": [0, 8, 1.5, 9.5], "texture": "#0"},
				"up": {"uv": [3, 9.5, 1.5, 8], "texture": "#0"},
				"down": {"uv": [9.5, 6, 8, 7.5], "texture": "#0"}
			}
		},
		{
			"from": [7.25, 3.5, 7.25],
			"to": [8.75, 6, 8.75],
			"rotation": {"angle": 0, "axis": "y", "origin": [8, 4, 8]},
			"faces": {
				"north": {"uv": [4, 2.5, 5, 4], "texture": "#0"},
				"east": {"uv": [4, 4, 5, 5.5], "texture": "#0"},
				"south": {"uv": [5, 0, 6, 1.5], "texture": "#0"},
				"west": {"uv": [5, 4, 6, 5.5], "texture": "#0"},
				"up": {"uv": [1, 3.5, 0, 2.5], "texture": "#0"},
				"down": {"uv": [5, 5.5, 4, 6.5], "texture": "#0"}
			}
		},
		{
			"from": [7, -1.5, 7],
			"to": [9, 3.5, 9],
			"rotation": {"angle": 0, "axis": "y", "origin": [8, 1.5, 8]},
			"faces": {
				"north": {"uv": [2, 3.5, 3, 6], "texture": "#0"},
				"east": {"uv": [3, 3.5, 4, 6], "texture": "#0"},
				"south": {"uv": [0, 4, 1, 6.5], "texture": "#0"},
				"west": {"uv": [1, 4, 2, 6.5], "texture": "#0"},
				"up": {"uv": [7, 1, 6, 0], "texture": "#0"},
				"down": {"uv": [7, 1, 6, 2], "texture": "#0"}
			}
		},
		{
			"from": [9, 1.5, 7.5],
			"to": [11, 3.5, 8.5],
			"rotation": {"angle": 0, "axis": "y", "origin": [12, 4.5, 8.5]},
			"faces": {
				"north": {"uv": [2, 6, 3, 7], "texture": "#0"},
				"east": {"uv": [0, 6.5, 0.5, 7.5], "texture": "#0"},
				"south": {"uv": [6, 2, 7, 3], "texture": "#0"},
				"west": {"uv": [0.5, 6.5, 1, 7.5], "texture": "#0"},
				"up": {"uv": [6, 2, 5, 1.5], "texture": "#0"},
				"down": {"uv": [6, 5.5, 5, 6], "texture": "#0"}
			}
		},
		{
			"from": [9, -1.5, 7.5],
			"to": [11, 0.5, 8.5],
			"rotation": {"angle": 0, "axis": "y", "origin": [12, 1.5, 8.5]},
			"faces": {
				"north": {"uv": [3, 6, 4, 7], "texture": "#0"},
				"east": {"uv": [1, 6.5, 1.5, 7.5], "texture": "#0"},
				"south": {"uv": [6, 3, 7, 4], "texture": "#0"},
				"west": {"uv": [1.5, 6.5, 2, 7.5], "texture": "#0"},
				"up": {"uv": [7, 4.5, 6, 4], "texture": "#0"},
				"down": {"uv": [5, 6.5, 4, 7], "texture": "#0"}
			}
		}
	],
	"display": {
		"thirdperson_righthand": {
			"rotation": [0, -180, 0],
			"translation": [-1, 3.75, 1.25],
			"scale": [0.75, 0.75, 0.75]
		},
		"thirdperson_lefthand": {
			"rotation": [0, -180, 0],
			"translation": [-1, 3.75, 1.25],
			"scale": [0.75, 0.75, 0.75]
		},
		"firstperson_righthand": {
			"rotation": [168.42, 76.25, 170.38],
			"translation": [0.75, 7, 1.25],
			"scale": [0.8, 0.8, 0.8]
		},
		"firstperson_lefthand": {
			"rotation": [168.42, 76.25, 170.38],
			"translation": [0.75, 7, 1.25],
			"scale": [0.8, 0.8, 0.8]
		}
	},
	"groups": [
		{
			"name": "kay",
			"origin": [9, 6, 6],
			"color": 0,
			"children": [0, 1, 2, 3, 4, 5, 6, 7, 8, 9, 10, 11, 12, 13, 14, 15]
		}
	]
}