{
	"format_version": "1.21.6",
	"credit": "Made with Blockbench",
	"textures": {
		"0": "item/paper_hand",
		"particle": "item/paper"
	},
	"elements": [
		{
			"from": [4, 0.5, 1.5],
			"to": [12, 0.5, 4.5],
			"rotation": {"angle": 0, "axis": "x", "origin": [8, 0.5, 8]},
			"faces": {
				"north": {"uv": [8, 0, 0, 0], "rotation": 180, "texture": "#0"},
				"east": {"uv": [0, 0, 0, 3], "rotation": 270, "texture": "#0"},
				"south": {"uv": [8, 0, 0, 0], "texture": "#0"},
				"west": {"uv": [0, 0, 0, 3], "rotation": 90, "texture": "#0"},
				"up": {"uv": [8, 0, 16, 3], "rotation": 180, "texture": "#0"},
				"down": {"uv": [8, 0, 16, 3], "texture": "#0"}
			}
		},
		{
			"from": [4, -0.45876, 7.38558],
			"to": [12, 6.54124, 7.38558],
			"rotation": {"angle": 30, "axis": "x", "origin": [8, 5.47891, 7.67946]},
			"faces": {
				"north": {"uv": [0, 0, 8, 7], "texture": "#0"},
				"east": {"uv": [0, 0, 0, 7], "texture": "#0"},
				"south": {"uv": [0, 0, 8, 7], "texture": "#0"},
				"west": {"uv": [0, 0, 0, 7], "texture": "#0"},
				"up": {"uv": [8, 0, 0, 0], "texture": "#0"},
				"down": {"uv": [8, 0, 0, 0], "texture": "#0"}
			}
		},
		{
			"from": [4, 6.58745, 7.97337],
			"to": [12, 6.58745, 10.97337],
			"rotation": {"angle": -26.5, "axis": "x", "origin": [8, 6.54307, 8.0528]},
			"faces": {
				"north": {"uv": [0, 0, 8, 0], "rotation": 180, "texture": "#0"},
				"east": {"uv": [0, 0, 0, 3], "rotation": 270, "texture": "#0"},
				"south": {"uv": [8, 0, 0, 0], "texture": "#0"},
				"west": {"uv": [0, 0, 0, 3], "rotation": 90, "texture": "#0"},
				"up": {"uv": [0, 7, 8, 10], "rotation": 180, "texture": "#0"},
				"down": {"uv": [0, 7, 8, 10], "texture": "#0"}
			}
		}
	],
	"display": {
		"thirdperson_righthand": {
			"rotation": [0, 180, 0],
			"translation": [0, 4.75, -0.5],
			"scale": [0.6, 0.6, 0.6]
		}
	},
	"groups": [
		{
			"name": "paper",
			"origin": [6, 0, 0],
			"color": 0,
			"children": [
				0,
				{
					"name": "group",
					"origin": [8, 0.4781, 4.51662],
					"color": 0,
					"children": [1, 2]
				}
			]
		}
	]
}