{
	"format_version": "1.9.0",
	"credit": "Made with Blockbench",
	"texture_size": [32, 32],
	"textures": {
		"1": "item/phantom_membrane_hand"
	},
	"elements": [
		{
			"from": [6, 1, 5],
			"to": [10, 5, 9],
			"rotation": {"angle": 0, "axis": "y", "origin": [6, 1, 5]},
			"faces": {
				"north": {"uv": [0, 0, 2, 2], "texture": "#1"},
				"east": {"uv": [0, 2, 2, 4], "texture": "#1"},
				"south": {"uv": [2, 0, 4, 2], "texture": "#1"},
				"west": {"uv": [2, 2, 4, 4], "texture": "#1"},
				"up": {"uv": [2, 6, 0, 4], "texture": "#1"},
				"down": {"uv": [6, 0, 4, 2], "texture": "#1"}
			}
		},
		{
			"from": [6, 1, 1],
			"to": [10, 3, 5],
			"rotation": {"angle": 0, "axis": "y", "origin": [8, 2, 3]},
			"faces": {
				"north": {"uv": [0, 8, 2, 9], "texture": "#1"},
				"east": {"uv": [8, 0, 10, 1], "texture": "#1"},
				"south": {"uv": [8, 1, 10, 2], "texture": "#1"},
				"west": {"uv": [2, 8, 4, 9], "texture": "#1"},
				"up": {"uv": [4, 6, 2, 4], "texture": "#1"},
				"down": {"uv": [6, 2, 4, 4], "texture": "#1"}
			}
		},
		{
			"from": [6, 1, 9],
			"to": [10, 3, 13],
			"rotation": {"angle": 0, "axis": "y", "origin": [8, 2, 11]},
			"faces": {
				"north": {"uv": [8.5, 7, 10.5, 8], "texture": "#1"},
				"east": {"uv": [8, 8.5, 10, 9.5], "texture": "#1"},
				"south": {"uv": [0, 9, 2, 10], "texture": "#1"},
				"west": {"uv": [2, 9, 4, 10], "texture": "#1"},
				"up": {"uv": [8, 2, 6, 0], "texture": "#1"},
				"down": {"uv": [4, 6, 2, 8], "texture": "#1"}
			}
		},
		{
			"from": [2, 1, 5],
			"to": [6, 3, 9],
			"rotation": {"angle": 0, "axis": "y", "origin": [4, 2, 7]},
			"faces": {
				"north": {"uv": [4, 8, 6, 9], "texture": "#1"},
				"east": {"uv": [8.5, 5, 10.5, 6], "texture": "#1"},
				"south": {"uv": [6, 8.5, 8, 9.5], "texture": "#1"},
				"west": {"uv": [8.5, 6, 10.5, 7], "texture": "#1"},
				"up": {"uv": [6, 6, 4, 4], "texture": "#1"},
				"down": {"uv": [2, 6, 0, 8], "texture": "#1"}
			}
		},
		{
			"from": [3, 1.5, 9],
			"to": [6, 3.5, 12],
			"rotation": {"angle": 0, "axis": "y", "origin": [5, 1.5, 11]},
			"faces": {
				"north": {"uv": [8.5, 9.5, 10, 10.5], "texture": "#1"},
				"east": {"uv": [0, 10, 1.5, 11], "texture": "#1"},
				"south": {"uv": [10, 0, 11.5, 1], "texture": "#1"},
				"west": {"uv": [10, 1, 11.5, 2], "texture": "#1"},
				"up": {"uv": [8.5, 7, 7, 5.5], "texture": "#1"},
				"down": {"uv": [8.5, 7, 7, 8.5], "texture": "#1"}
			}
		},
		{
			"from": [10, 1.5, 3],
			"to": [13, 3.5, 7],
			"rotation": {"angle": 0, "axis": "y", "origin": [12, 1.5, 5]},
			"faces": {
				"north": {"uv": [10, 10, 11.5, 11], "texture": "#1"},
				"east": {"uv": [9, 2, 11, 3], "texture": "#1"},
				"south": {"uv": [10.5, 4, 12, 5], "texture": "#1"},
				"west": {"uv": [9, 3, 11, 4], "texture": "#1"},
				"up": {"uv": [7.5, 4, 6, 2], "texture": "#1"},
				"down": {"uv": [5.5, 6, 4, 8], "texture": "#1"}
			}
		},
		{
			"from": [9.5, 1.5, 7.5],
			"to": [12.5, 3.5, 10.5],
			"rotation": {"angle": -22.5, "axis": "y", "origin": [11.5, 1.5, 9.5]},
			"faces": {
				"north": {"uv": [4, 9, 5.5, 10], "texture": "#1"},
				"east": {"uv": [9, 4, 10.5, 5], "texture": "#1"},
				"south": {"uv": [5.5, 9.5, 7, 10.5], "texture": "#1"},
				"west": {"uv": [7, 9.5, 8.5, 10.5], "texture": "#1"},
				"up": {"uv": [7.5, 5.5, 6, 4], "texture": "#1"},
				"down": {"uv": [7, 6, 5.5, 7.5], "texture": "#1"}
			}
		},
		{
			"from": [3.5, 1.5, 2.5],
			"to": [6.5, 3.5, 5.5],
			"rotation": {"angle": 22.5, "axis": "y", "origin": [5.5, 1.5, 3.5]},
			"faces": {
				"north": {"uv": [1.5, 10, 3, 11], "texture": "#1"},
				"east": {"uv": [3, 10, 4.5, 11], "texture": "#1"},
				"south": {"uv": [10, 8, 11.5, 9], "texture": "#1"},
				"west": {"uv": [10, 9, 11.5, 10], "texture": "#1"},
				"up": {"uv": [9, 3.5, 7.5, 2], "texture": "#1"},
				"down": {"uv": [9, 3.5, 7.5, 5], "texture": "#1"}
			}
		}
	],
	"display": {
		"thirdperson_righthand": {
			"translation": [0, 6, 0]
		},
		"firstperson_righthand": {
			"rotation": [168.42, 76.25, 170.38],
			"translation": [0.75, 7, 1.25],
			"scale": [0.9, 0.9, 0.9]
		},
		"firstperson_lefthand": {
			"rotation": [168.42, 76.25, 170.38],
			"translation": [0.75, 7, 1.25],
			"scale": [0.9, 0.9, 0.9]
		}
	}
}