{
	"format_version": "1.21.6",
	"credit": "Made with Blockbench",
	"texture_size": [32, 32],
	"textures": {
		"1": "item/pink_bundle_hand"
	},
	"elements": [
		{
			"from": [4.5, 0, 4.5],
			"to": [11.5, 5, 11.5],
			"rotation": {"angle": 0, "axis": "y", "origin": [5.5, 0, 5.5]},
			"faces": {
				"north": {"uv": [8.5, 0, 12, 2.5], "texture": "#1"},
				"east": {"uv": [3.5, 0, 7, 2.5], "texture": "#1"},
				"south": {"uv": [3.5, 0, 7, 2.5], "texture": "#1"},
				"west": {"uv": [3.5, 0, 7, 2.5], "texture": "#1"},
				"up": {"uv": [3.5, 3.5, 0, 0], "texture": "#1"},
				"down": {"uv": [3.5, 3.5, 0, 7], "texture": "#1"}
			}
		},
		{
			"from": [6.5, 5, 6.5],
			"to": [9.5, 6, 9.5],
			"rotation": {"angle": 0, "axis": "y", "origin": [3.5, 5, 3.5]},
			"faces": {
				"north": {"uv": [7, 1.5, 8.5, 2], "texture": "#1"},
				"east": {"uv": [7, 2, 8.5, 2.5], "texture": "#1"},
				"south": {"uv": [7.5, 8, 9, 8.5], "texture": "#1"},
				"west": {"uv": [0, 8.5, 1.5, 9], "texture": "#1"},
				"up": {"uv": [7.5, 8, 6, 6.5], "texture": "#1"},
				"down": {"uv": [1.5, 7, 0, 8.5], "texture": "#1"}
			}
		},
		{
			"from": [5.5, 6, 5.5],
			"to": [10.5, 8, 10.5],
			"rotation": {"angle": 0, "axis": "y", "origin": [3.5, 6, 3.5]},
			"faces": {
				"north": {"uv": [6, 2.5, 8.5, 3.5], "texture": "#1"},
				"east": {"uv": [6, 3.5, 8.5, 4.5], "texture": "#1"},
				"south": {"uv": [6, 4.5, 8.5, 5.5], "texture": "#1"},
				"west": {"uv": [6, 5.5, 8.5, 6.5], "texture": "#1"},
				"up": {"uv": [6, 5, 3.5, 2.5], "texture": "#1"},
				"down": {"uv": [6, 5, 3.5, 7.5], "texture": "#1"}
			}
		},
		{
			"from": [6.5, 2.25, 4.25],
			"to": [9.5, 5.25, 7.25],
			"rotation": {"angle": 0, "axis": "y", "origin": [6.5, 2.25, 4.25]},
			"faces": {
				"north": {"uv": [7, 0, 8.5, 1.5], "texture": "#1"},
				"east": {"uv": [1.5, 7, 3, 8.5], "texture": "#1"},
				"south": {"uv": [3, 7.5, 4.5, 9], "texture": "#1"},
				"west": {"uv": [4.5, 7.5, 6, 9], "texture": "#1"},
				"up": {"uv": [9, 8, 7.5, 6.5], "texture": "#1"},
				"down": {"uv": [7.5, 8, 6, 9.5], "texture": "#1"}
			}
		}
	],
	"display": {
		"thirdperson_righthand": {
			"rotation": [0, -180, 0],
			"translation": [0, 4.75, 1],
			"scale": [0.7, 0.7, 0.7]
		},
		"thirdperson_lefthand": {
			"rotation": [0, -180, 0],
			"translation": [0, 4.75, 1],
			"scale": [0.7, 0.7, 0.7]
		},
		"firstperson_righthand": {
			"rotation": [168.42, 76.25, 170.38],
			"translation": [0.75, 7, 1.25],
			"scale": [0.8, 0.8, 0.8]
		},
		"firstperson_lefthand": {
			"rotation": [168.42, 76.25, 170.38],
			"translation": [0.75, 7, 1.25],
			"scale": [0.8, 0.8, 0.8]
		}
	}
}