{
	"format_version": "1.21.6",
	"credit": "Made with Blockbench",
	"texture_size": [32, 32],
	"textures": {
		"0": "item/prismarine_shard_hand",
		"particle": "item/prismarine_shard_hand"
	},
	"elements": [
		{
			"from": [5, 0, 7],
			"to": [12, 6, 9],
			"rotation": {"angle": 0, "axis": "y", "origin": [7, 0, 7]},
			"faces": {
				"north": {"uv": [0, 0, 3.5, 3], "texture": "#0"},
				"east": {"uv": [5.5, 1, 6.5, 4], "texture": "#0"},
				"south": {"uv": [3.5, 0, 0, 3], "texture": "#0"},
				"west": {"uv": [0, 6, 1, 9], "texture": "#0"},
				"up": {"uv": [7, 6, 3.5, 5], "texture": "#0"},
				"down": {"uv": [9, 0, 5.5, 1], "texture": "#0"}
			}
		},
		{
			"from": [5, 6, 7],
			"to": [9, 11, 9],
			"rotation": {"angle": 0, "axis": "y", "origin": [7, 6, 7]},
			"faces": {
				"north": {"uv": [3.5, 0, 5.5, 2.5], "texture": "#0"},
				"east": {"uv": [1, 6, 2, 8.5], "texture": "#0"},
				"south": {"uv": [5.5, 0, 3.5, 2.5], "texture": "#0"},
				"west": {"uv": [2, 6, 3, 8.5], "texture": "#0"},
				"up": {"uv": [5, 8.5, 3, 7.5], "texture": "#0"},
				"down": {"uv": [7, 7.5, 5, 8.5], "texture": "#0"}
			}
		},
		{
			"from": [9, 6, 6.5],
			"to": [12, 9, 9.5],
			"rotation": {"angle": 0, "axis": "y", "origin": [9, 6, 6.5]},
			"faces": {
				"north": {"uv": [3, 6, 4.5, 7.5], "texture": "#0"},
				"east": {"uv": [4.5, 6, 6, 7.5], "texture": "#0"},
				"south": {"uv": [6, 6, 7.5, 7.5], "texture": "#0"},
				"west": {"uv": [6.5, 1, 8, 2.5], "texture": "#0"},
				"up": {"uv": [8, 4, 6.5, 2.5], "texture": "#0"},
				"down": {"uv": [8.5, 4, 7, 5.5], "texture": "#0"}
			}
		}
	],
	"display": {
		"thirdperson_righthand": {
			"rotation": [0, -180, 0],
			"translation": [-1.5, 3, 1],
			"scale": [0.8, 0.8, 0.8]
		},
		"thirdperson_lefthand": {
			"rotation": [0, -180, 0],
			"translation": [-2.5, 3, 1],
			"scale": [0.8, 0.8, 0.8]
		}
	}
}