{
	"format_version": "1.21.6",
	"credit": "Made with Blockbench",
	"textures": {
		"0": "item/prismarine_crystals_hand",
		"particle": "item/prismarine_crystals_hand"
	},
	"elements": [
		{
			"from": [7, 3, 6],
			"to": [12, 5, 11],
			"rotation": {"angle": -22.5, "axis": "y", "origin": [8, 3, 5]},
			"faces": {
				"north": {"uv": [5, 8, 10, 10], "texture": "#0"},
				"east": {"uv": [8, 5, 13, 7], "texture": "#0"},
				"south": {"uv": [5, 10, 10, 12], "texture": "#0"},
				"west": {"uv": [10, 7, 15, 9], "texture": "#0"},
				"up": {"uv": [0, 13, 5, 8], "texture": "#0"},
				"down": {"uv": [13, 0, 8, 5], "texture": "#0"}
			}
		},
		{
			"from": [8, 1, 3],
			"to": [13, 3, 8],
			"rotation": {"angle": -22.5, "axis": "y", "origin": [9, 1, 2]},
			"faces": {
				"north": {"uv": [5, 8, 10, 10], "texture": "#0"},
				"east": {"uv": [8, 5, 13, 7], "texture": "#0"},
				"south": {"uv": [5, 10, 10, 12], "texture": "#0"},
				"west": {"uv": [10, 7, 15, 9], "texture": "#0"},
				"up": {"uv": [0, 13, 5, 8], "texture": "#0"},
				"down": {"uv": [13, 0, 8, 5], "texture": "#0"}
			}
		},
		{
			"from": [2.54643, 1, 7.3076],
			"to": [7.54643, 3, 12.3076],
			"rotation": {"angle": 0, "axis": "y", "origin": [5.04643, 2, 9.8076]},
			"faces": {
				"north": {"uv": [5, 8, 10, 10], "texture": "#0"},
				"east": {"uv": [8, 5, 13, 7], "texture": "#0"},
				"south": {"uv": [5, 10, 10, 12], "texture": "#0"},
				"west": {"uv": [10, 7, 15, 9], "texture": "#0"},
				"up": {"uv": [0, 13, 5, 8], "texture": "#0"},
				"down": {"uv": [13, 0, 8, 5], "texture": "#0"}
			}
		},
		{
			"from": [7.54643, 1, 8.3076],
			"to": [12.54643, 3, 13.3076],
			"rotation": {"angle": -45, "axis": "y", "origin": [10.04643, 2, 10.8076]},
			"faces": {
				"north": {"uv": [5, 8, 10, 10], "texture": "#0"},
				"east": {"uv": [8, 5, 13, 7], "texture": "#0"},
				"south": {"uv": [5, 10, 10, 12], "texture": "#0"},
				"west": {"uv": [10, 7, 15, 9], "texture": "#0"},
				"up": {"uv": [0, 13, 5, 8], "texture": "#0"},
				"down": {"uv": [13, 0, 8, 5], "texture": "#0"}
			}
		}
	],
	"display": {
		"thirdperson_righthand": {
			"translation": [0.5, 3.5, 0.5],
			"scale": [0.5, 0.5, 0.5]
		},
		"thirdperson_lefthand": {
			"translation": [-0.25, 3, 2],
			"scale": [0.5, 0.5, 0.5]
		},
		"firstperson_righthand": {
			"rotation": [168.42, 76.25, 170.38],
			"translation": [0.75, 7, 1.25],
			"scale": [0.8, 0.8, 0.8]
		},
		"firstperson_lefthand": {
			"rotation": [168.42, 76.25, 170.38],
			"translation": [0.75, 7, 1.25],
			"scale": [0.8, 0.8, 0.8]
		}
	},
	"groups": [
		{
			"name": "prismarine_crystals",
			"origin": [8, 0, 4],
			"color": 0,
			"children": [0, 1, 2, 3]
		}
	]
}