{
	"format_version": "1.21.6",
	"credit": "Made with Blockbench",
	"texture_size": [64, 64],
	"textures": {
		"0": "item/nether_quartz_hand",
		"particle": "item/nether_quartz_hand"
	},
	"elements": [
		{
			"from": [5, 0, 4],
			"to": [10, 4, 8],
			"rotation": {"angle": 0, "axis": "y", "origin": [4, 0, 4]},
			"faces": {
				"north": {"uv": [5.5, 0, 6.75, 1], "texture": "#0"},
				"east": {"uv": [5.5, 4, 6.5, 5], "texture": "#0"},
				"south": {"uv": [5.5, 1, 6.75, 2], "texture": "#0"},
				"west": {"uv": [0, 6, 1, 7], "texture": "#0"},
				"up": {"uv": [6.75, 3, 5.5, 2], "texture": "#0"},
				"down": {"uv": [6.75, 3, 5.5, 4], "texture": "#0"}
			}
		},
		{
			"from": [4, 0, 8],
			"to": [11, 4, 12],
			"rotation": {"angle": 0, "axis": "y", "origin": [2, 0, 8]},
			"faces": {
				"north": {"uv": [0, 5, 1.75, 6], "texture": "#0"},
				"east": {"uv": [3, 6, 4, 7], "texture": "#0"},
				"south": {"uv": [1.75, 5, 3.5, 6], "texture": "#0"},
				"west": {"uv": [4, 6, 5, 7], "texture": "#0"},
				"up": {"uv": [5.25, 6, 3.5, 5], "texture": "#0"},
				"down": {"uv": [7, 5, 5.25, 6], "texture": "#0"}
			}
		},
		{
			"from": [7.5, 0, 5],
			"to": [11.5, 10, 9],
			"rotation": {"angle": -22.5, "axis": "z", "origin": [9.5, 0, 7]},
			"faces": {
				"north": {"uv": [0, 0, 1, 2.5], "texture": "#0"},
				"east": {"uv": [1, 0, 2, 2.5], "texture": "#0"},
				"south": {"uv": [2, 0, 3, 2.5], "texture": "#0"},
				"west": {"uv": [0, 2.5, 1, 5], "texture": "#0"},
				"up": {"uv": [2, 7, 1, 6], "texture": "#0"},
				"down": {"uv": [3, 6, 2, 7], "texture": "#0"}
			}
		},
		{
			"from": [5.5, 3, 7],
			"to": [9.5, 13, 11],
			"rotation": {"angle": 0, "axis": "y", "origin": [7.5, 3, 9]},
			"faces": {
				"north": {"uv": [1, 2.5, 2, 5], "texture": "#0"},
				"east": {"uv": [2, 2.5, 3, 5], "texture": "#0"},
				"south": {"uv": [3, 0, 4, 2.5], "texture": "#0"},
				"west": {"uv": [3, 2.5, 4, 5], "texture": "#0"},
				"up": {"uv": [6, 7, 5, 6], "texture": "#0"},
				"down": {"uv": [7, 6, 6, 7], "texture": "#0"}
			}
		},
		{
			"from": [4, 1, 5],
			"to": [7, 11, 8],
			"rotation": {"angle": 22.5, "axis": "z", "origin": [5, 1, 7]},
			"faces": {
				"north": {"uv": [4, 0, 4.75, 2.5], "texture": "#0"},
				"east": {"uv": [4, 2.5, 4.75, 5], "texture": "#0"},
				"south": {"uv": [4.75, 0, 5.5, 2.5], "texture": "#0"},
				"west": {"uv": [4.75, 2.5, 5.5, 5], "texture": "#0"},
				"up": {"uv": [7.25, 4.75, 6.5, 4], "texture": "#0"},
				"down": {"uv": [7.5, 0, 6.75, 0.75], "texture": "#0"}
			}
		},
		{
			"from": [9, 1, 9],
			"to": [12, 11, 12],
			"rotation": {"angle": 22.5, "axis": "x", "origin": [10, 1, 11]},
			"faces": {
				"north": {"uv": [4, 0, 4.75, 2.5], "texture": "#0"},
				"east": {"uv": [4, 2.5, 4.75, 5], "texture": "#0"},
				"south": {"uv": [4.75, 0, 5.5, 2.5], "texture": "#0"},
				"west": {"uv": [4.75, 2.5, 5.5, 5], "texture": "#0"},
				"up": {"uv": [7.25, 4.75, 6.5, 4], "texture": "#0"},
				"down": {"uv": [7.5, 0, 6.75, 0.75], "texture": "#0"}
			}
		},
		{
			"name": "cube_outline",
			"from": [12.2, 11.2, 12.2],
			"to": [8.8, 0.8, 8.8],
			"rotation": {"angle": 22.5, "axis": "x", "origin": [10, 1, 11]},
			"faces": {
				"north": {"uv": [6, 7, 6.75, 9.5], "texture": "#0"},
				"east": {"uv": [6.75, 7.25, 7.5, 9.75], "texture": "#0"},
				"south": {"uv": [7.5, 7.25, 8.25, 9.75], "texture": "#0"},
				"west": {"uv": [7.75, 0, 8.5, 2.5], "texture": "#0"},
				"up": {"uv": [8.5, 2.5, 7.75, 3.25], "texture": "#0"},
				"down": {"uv": [3.75, 10.25, 3, 9.5], "texture": "#0"}
			}
		},
		{
			"name": "cube_outline",
			"from": [7.2, 11.2, 8.2],
			"to": [3.8, 0.8, 4.8],
			"rotation": {"angle": 22.5, "axis": "z", "origin": [5, 1, 7]},
			"faces": {
				"north": {"uv": [6, 7, 6.75, 9.5], "texture": "#0"},
				"east": {"uv": [6.75, 7.25, 7.5, 9.75], "texture": "#0"},
				"south": {"uv": [7.5, 7.25, 8.25, 9.75], "texture": "#0"},
				"west": {"uv": [7.75, 0, 8.5, 2.5], "texture": "#0"},
				"up": {"uv": [8.5, 3.25, 7.75, 2.5], "texture": "#0"},
				"down": {"uv": [3.75, 9.5, 3, 10.25], "texture": "#0"}
			}
		},
		{
			"name": "cube_outline",
			"from": [9.7, 13.2, 11.2],
			"to": [5.3, 2.8, 6.8],
			"rotation": {"angle": 0, "axis": "y", "origin": [7.5, 3, 9]},
			"faces": {
				"north": {"uv": [3, 7, 4, 9.5], "texture": "#0"},
				"east": {"uv": [4, 7, 5, 9.5], "texture": "#0"},
				"south": {"uv": [7, 4.75, 8, 7.25], "texture": "#0"},
				"west": {"uv": [5, 7, 6, 9.5], "texture": "#0"},
				"up": {"uv": [3, 10.5, 2, 9.5], "texture": "#0"},
				"down": {"uv": [10.5, 2, 9.5, 3], "texture": "#0"}
			}
		},
		{
			"name": "cube_outline",
			"from": [11.7, 10.2, 9.2],
			"to": [7.3, -0.2, 4.8],
			"rotation": {"angle": -22.5, "axis": "z", "origin": [9.5, 0, 7]},
			"faces": {
				"north": {"uv": [6.75, 0.75, 7.75, 3.25], "texture": "#0"},
				"east": {"uv": [0, 7, 1, 9.5], "texture": "#0"},
				"south": {"uv": [1, 7, 2, 9.5], "texture": "#0"},
				"west": {"uv": [2, 7, 3, 9.5], "texture": "#0"},
				"up": {"uv": [1, 10.5, 0, 9.5], "texture": "#0"},
				"down": {"uv": [2, 9.5, 1, 10.5], "texture": "#0"}
			}
		},
		{
			"name": "cube_outline",
			"from": [11.2, 4.2, 12.2],
			"to": [3.8, -0.2, 7.8],
			"rotation": {"angle": 0, "axis": "y", "origin": [2, 0, 8]},
			"faces": {
				"north": {"uv": [7.25, 3.25, 9, 4.25], "texture": "#0"},
				"east": {"uv": [8.25, 9.25, 9.25, 10.25], "texture": "#0"},
				"south": {"uv": [8, 4.25, 9.75, 5.25], "texture": "#0"},
				"west": {"uv": [9.25, 9.25, 10.25, 10.25], "texture": "#0"},
				"up": {"uv": [9.75, 6.25, 8, 5.25], "texture": "#0"},
				"down": {"uv": [9.75, 6.25, 8, 7.25], "texture": "#0"}
			}
		},
		{
			"name": "cube_outline",
			"from": [10.2, 4.2, 8.2],
			"to": [4.8, -0.2, 3.8],
			"rotation": {"angle": 0, "axis": "y", "origin": [4, 0, 4]},
			"faces": {
				"north": {"uv": [8.25, 7.25, 9.5, 8.25], "texture": "#0"},
				"east": {"uv": [8.5, 2, 9.5, 3], "texture": "#0"},
				"south": {"uv": [8.25, 8.25, 9.5, 9.25], "texture": "#0"},
				"west": {"uv": [9, 3, 10, 4], "texture": "#0"},
				"up": {"uv": [9.75, 1, 8.5, 0], "texture": "#0"},
				"down": {"uv": [9.75, 1, 8.5, 2], "texture": "#0"}
			}
		}
	],
	"display": {
		"thirdperson_righthand": {
			"rotation": [0, 180, 0],
			"translation": [0, 4, 0],
			"scale": [0.7, 0.7, 0.7]
		},
		"thirdperson_lefthand": {
			"rotation": [0, -180, 0],
			"translation": [0, 4, 0],
			"scale": [0.7, 0.7, 0.7]
		}
	},
	"groups": [
		{
			"name": "group",
			"origin": [4, 0, 4],
			"color": 0,
			"children": [0, 1, 2, 3, 4, 5, 6, 7, 8, 9, 10, 11]
		}
	]
}