{
	"format_version": "1.21.6",
	"credit": "Made with Blockbench",
	"textures": {
		"1": "item/rabbit_hoot_hand"
	},
	"elements": [
		{
			"from": [5.25, 2, 5],
			"to": [10.25, 5, 10],
			"rotation": {"angle": 0, "axis": "y", "origin": [5.25, 2, 9]},
			"faces": {
				"north": {"uv": [5, 0, 10, 3], "texture": "#1"},
				"east": {"uv": [5, 3, 10, 6], "texture": "#1"},
				"south": {"uv": [5, 6, 10, 9], "texture": "#1"},
				"west": {"uv": [5, 9, 10, 12], "texture": "#1"},
				"up": {"uv": [5, 5, 0, 0], "texture": "#1"},
				"down": {"uv": [5, 5, 0, 10], "texture": "#1"}
			}
		},
		{
			"from": [5.75, 4, 7.9],
			"to": [9.75, 6, 9.9],
			"rotation": {"angle": 22.5, "axis": "x", "origin": [6.75, 4, 9.9]},
			"faces": {
				"north": {"uv": [0, 10, 4, 12], "texture": "#1"},
				"east": {"uv": [10, 6, 12, 8], "texture": "#1"},
				"south": {"uv": [10, 0, 14, 2], "texture": "#1"},
				"west": {"uv": [10, 8, 12, 10], "texture": "#1"},
				"up": {"uv": [14, 4, 10, 2], "texture": "#1"},
				"down": {"uv": [14, 4, 10, 6], "texture": "#1"}
			}
		}
	],
	"display": {
		"thirdperson_righthand": {
			"rotation": [0, 180, 0],
			"translation": [0.25, 4.75, 1.5],
			"scale": [0.8, 0.8, 0.8]
		},
		"thirdperson_lefthand": {
			"rotation": [0, -180, 0],
			"translation": [0.25, 4.75, 1.5],
			"scale": [0.8, 0.8, 0.8]
		},
		"firstperson_righthand": {
			"rotation": [-23.41, 70.62, 4.96],
			"translation": [0.75, 7, 1.25],
			"scale": [0.8, 0.8, 0.8]
		},
		"firstperson_lefthand": {
			"rotation": [-23.41, 70.62, 4.96],
			"translation": [0.75, 7, 1.25],
			"scale": [0.8, 0.8, 0.8]
		}
	},
	"groups": [
		{
			"name": "крол",
			"origin": [7, 2, 4.5],
			"color": 0,
			"children": [0, 1]
		}
	]
}