{
	"format_version": "1.21.6",
	"credit": "Made with Blockbench",
	"texture_size": [32, 32],
	"textures": {
		"0": "item/raw_copper_hand",
		"particle": "item/raw_copper_hand"
	},
	"elements": [
		{
			"from": [3, 0, 7],
			"to": [6, 2, 10],
			"rotation": {"angle": 0, "axis": "y", "origin": [7, 1.25, 9.75]},
			"faces": {
				"north": {"uv": [0, 8, 1.5, 9], "texture": "#0"},
				"east": {"uv": [1.5, 8, 3, 9], "texture": "#0"},
				"south": {"uv": [3, 8, 4.5, 9], "texture": "#0"},
				"west": {"uv": [8, 4, 9.5, 5], "texture": "#0"},
				"up": {"uv": [7, 8.5, 5.5, 7], "texture": "#0"},
				"down": {"uv": [8.5, 7, 7, 8.5], "texture": "#0"}
			}
		},
		{
			"from": [4, 0, 8],
			"to": [10, 4, 14],
			"rotation": {"angle": 0, "axis": "y", "origin": [7, 1.25, 9.75]},
			"faces": {
				"north": {"uv": [3, 5, 6, 7], "texture": "#0"},
				"east": {"uv": [5.5, 0, 8.5, 2], "texture": "#0"},
				"south": {"uv": [5.5, 2, 8.5, 4], "texture": "#0"},
				"west": {"uv": [0, 6, 3, 8], "texture": "#0"},
				"up": {"uv": [3, 3, 0, 0], "texture": "#0"},
				"down": {"uv": [3, 3, 0, 6], "texture": "#0"}
			}
		},
		{
			"from": [7, -1, 6],
			"to": [12, 2, 11],
			"rotation": {"angle": 0, "axis": "y", "origin": [7, 1.25, 9.75]},
			"faces": {
				"north": {"uv": [8.5, 2.5, 11, 4], "texture": "#0"},
				"east": {"uv": [8.5, 5, 11, 6.5], "texture": "#0"},
				"south": {"uv": [8.5, 6.5, 11, 8], "texture": "#0"},
				"west": {"uv": [7, 8.5, 9.5, 10], "texture": "#0"},
				"up": {"uv": [11, 2.5, 8.5, 0], "texture": "#0"},
				"down": {"uv": [7, 8.5, 4.5, 11], "texture": "#0"}
			}
		},
		{
			"name": "cube_outline",
			"from": [6.2, 2.2, 10.2],
			"to": [2.8, -0.2, 6.8],
			"rotation": {"angle": 0, "axis": "y", "origin": [7, 1.25, 9.75]},
			"faces": {
				"north": {"uv": [5.5, 4, 7, 5], "texture": "#0"},
				"east": {"uv": [3, 7, 4.5, 8], "texture": "#0"},
				"south": {"uv": [9.5, 4, 11, 5], "texture": "#0"},
				"west": {"uv": [7.5, 11.5, 9, 12.5], "texture": "#0"},
				"up": {"uv": [4.5, 10.5, 3, 9], "texture": "#0"},
				"down": {"uv": [7.5, 11.5, 6, 13], "texture": "#0"}
			}
		},
		{
			"name": "cube_outline",
			"from": [12.2, 2.2, 11.2],
			"to": [6.8, -1.2, 5.8],
			"rotation": {"angle": 0, "axis": "y", "origin": [7, 1.25, 9.75]},
			"faces": {
				"north": {"uv": [6, 5, 8.5, 6.5], "texture": "#0"},
				"east": {"uv": [7, 10, 9.5, 11.5], "texture": "#0"},
				"south": {"uv": [11, 6, 13.5, 7.5], "texture": "#0"},
				"west": {"uv": [9.5, 11, 12, 12.5], "texture": "#0"},
				"up": {"uv": [5.5, 2.5, 3, 0], "texture": "#0"},
				"down": {"uv": [5.5, 2.5, 3, 5], "texture": "#0"}
			}
		},
		{
			"name": "cube_outline",
			"from": [10.2, 4.2, 14.2],
			"to": [3.8, -0.2, 7.8],
			"rotation": {"angle": 0, "axis": "y", "origin": [7, 1.25, 9.75]},
			"faces": {
				"north": {"uv": [11, 0, 14, 2], "texture": "#0"},
				"east": {"uv": [11, 2, 14, 4], "texture": "#0"},
				"south": {"uv": [3, 11, 6, 13], "texture": "#0"},
				"west": {"uv": [11, 4, 14, 6], "texture": "#0"},
				"up": {"uv": [3, 12, 0, 9], "texture": "#0"},
				"down": {"uv": [12.5, 8, 9.5, 11], "texture": "#0"}
			}
		}
	],
	"display": {
		"thirdperson_righthand": {
			"rotation": [0, -180, 0],
			"translation": [-0.5, 6.25, 3.75],
			"scale": [0.7, 0.7, 0.7]
		}
	},
	"groups": [
		{
			"name": "group",
			"origin": [4, 0, 7],
			"color": 0,
			"children": [0, 1, 2, 3, 4, 5]
		}
	]
}