{
	"format_version": "1.21.6",
	"credit": "Made with Blockbench",
	"texture_size": [64, 64],
	"textures": {
		"0": "item/red_harness_hand",
		"particle": "item/red_harness_hand"
	},
	"elements": [
		{
			"from": [4, 0, 4],
			"to": [12, 8, 12],
			"rotation": {"angle": 0, "axis": "y", "origin": [7, 0, 4]},
			"faces": {
				"north": {"uv": [0, 0, 2, 2], "texture": "#0"},
				"east": {"uv": [0, 2, 2, 4], "texture": "#0"},
				"south": {"uv": [2, 0, 4, 2], "texture": "#0"},
				"west": {"uv": [2, 2, 4, 4], "texture": "#0"},
				"up": {"uv": [2, 6, 0, 4], "texture": "#0"},
				"down": {"uv": [6, 0, 4, 2], "texture": "#0"}
			}
		},
		{
			"from": [4, 0, 12],
			"to": [12, 8, 12],
			"rotation": {"angle": 0, "axis": "y", "origin": [7, 0, 4]},
			"faces": {
				"north": {"uv": [2, 0, 4, 2], "texture": "#0"},
				"east": {"uv": [0, 2, 2, 4], "texture": "#0"},
				"south": {"uv": [2, 0, 4, 2], "texture": "#0"},
				"west": {"uv": [2, 2, 4, 4], "texture": "#0"},
				"up": {"uv": [2, 6, 0, 4], "texture": "#0"},
				"down": {"uv": [6, 0, 4, 2], "texture": "#0"}
			}
		},
		{
			"from": [4, 0, 4],
			"to": [4, 8, 12],
			"rotation": {"angle": 0, "axis": "y", "origin": [7, 0, 4]},
			"faces": {
				"north": {"uv": [0, 0, 2, 2], "texture": "#0"},
				"east": {"uv": [0, 2, 2, 4], "texture": "#0"},
				"south": {"uv": [2, 0, 4, 2], "texture": "#0"},
				"west": {"uv": [2, 2, 4, 4], "texture": "#0"},
				"up": {"uv": [2, 6, 0, 4], "texture": "#0"},
				"down": {"uv": [6, 0, 4, 2], "texture": "#0"}
			}
		},
		{
			"from": [12, 0, 4],
			"to": [12, 8, 12],
			"rotation": {"angle": 0, "axis": "y", "origin": [15, 0, 4]},
			"faces": {
				"north": {"uv": [0, 0, 2, 2], "texture": "#0"},
				"east": {"uv": [0, 2, 2, 4], "texture": "#0"},
				"south": {"uv": [2, 0, 4, 2], "texture": "#0"},
				"west": {"uv": [2, 2, 4, 4], "texture": "#0"},
				"up": {"uv": [2, 6, 0, 4], "texture": "#0"},
				"down": {"uv": [6, 0, 4, 2], "texture": "#0"}
			}
		},
		{
			"from": [12, 0, 4],
			"to": [12, 6, 12],
			"rotation": {"angle": 10, "axis": "z", "origin": [12, 6, 8]},
			"faces": {
				"north": {"uv": [0, 0, 0, 1.5], "texture": "#0"},
				"east": {"uv": [2.5, 6, 4.5, 7.5], "texture": "#0"},
				"south": {"uv": [0, 0, 0, 1.5], "texture": "#0"},
				"west": {"uv": [2.5, 6, 4.5, 7.5], "texture": "#0"},
				"up": {"uv": [0, 2, 0, 0], "texture": "#0"},
				"down": {"uv": [0, 0, 0, 2], "texture": "#0"}
			}
		},
		{
			"from": [4, 0, 4],
			"to": [4, 6, 12],
			"rotation": {"angle": -10, "axis": "z", "origin": [4, 6, 8]},
			"faces": {
				"north": {"uv": [0, 0, 0, 1.5], "texture": "#0"},
				"east": {"uv": [2.5, 6, 4.5, 7.5], "texture": "#0"},
				"south": {"uv": [0, 0, 0, 1.5], "texture": "#0"},
				"west": {"uv": [2.5, 6, 4.5, 7.5], "texture": "#0"},
				"up": {"uv": [0, 2, 0, 0], "texture": "#0"},
				"down": {"uv": [0, 0, 0, 2], "texture": "#0"}
			}
		},
		{
			"from": [3.5, 5, 3.5],
			"to": [12.5, 9, 6.5],
			"rotation": {"angle": 22.5, "axis": "x", "origin": [8, 7, 5]},
			"faces": {
				"north": {"uv": [0, 6.5, 2.25, 7.5], "texture": "#0"},
				"east": {"uv": [4.25, 4.5, 5, 5.5], "texture": "#0"},
				"south": {"uv": [4, 2, 6.25, 3], "texture": "#0"},
				"west": {"uv": [2, 5, 2.75, 6], "texture": "#0"},
				"up": {"uv": [6.25, 3.75, 4, 3], "texture": "#0"},
				"down": {"uv": [6.5, 3.75, 4.25, 4.5], "texture": "#0"}
			}
		},
		{
			"from": [3.5, 5, 3.6],
			"to": [12.5, 9, 6.6],
			"rotation": {"angle": 22.5, "axis": "x", "origin": [8, 7, 5.1]},
			"faces": {
				"north": {"uv": [0, 7.5, 2.25, 8.5], "texture": "#0"},
				"east": {"uv": [6, 0.75, 6.75, 1.75], "texture": "#0"},
				"south": {"uv": [5, 5.75, 7.25, 6.75], "texture": "#0"},
				"west": {"uv": [6.25, 1.75, 7, 2.75], "texture": "#0"},
				"up": {"uv": [4.25, 8.25, 2, 7.5], "texture": "#0"},
				"down": {"uv": [8.25, 0, 6, 0.75], "texture": "#0"}
			}
		}
	],
	"display": {
		"thirdperson_righthand": {
			"rotation": [0, -180, 0],
			"translation": [0, 2.25, 0],
			"scale": [0.8, 0.8, 0.8]
		},
		"thirdperson_lefthand": {
			"rotation": [0, -180, 0],
			"translation": [0, 2.25, 0],
			"scale": [0.8, 0.8, 0.8]
		}
	}
}