{
	"format_version": "1.9.0",
	"credit": "Made with Blockbench",
	"texture_size": [32, 32],
	"textures": {
		"0": "item/saddle_hand",
		"particle": "item/saddle_hand"
	},
	"elements": [
		{
			"from": [5, 1, 2],
			"to": [11, 4, 9],
			"rotation": {"angle": 0, "axis": "y", "origin": [8, 0.875, 6]},
			"faces": {
				"north": {"uv": [10, 1, 13, 2.5], "texture": "#0"},
				"east": {"uv": [9.5, 6, 13, 7.5], "texture": "#0"},
				"south": {"uv": [10, 2.5, 13, 4], "texture": "#0"},
				"west": {"uv": [0, 10, 3.5, 11.5], "texture": "#0"},
				"up": {"uv": [12, 12, 9, 8.5], "texture": "#0"},
				"down": {"uv": [8.5, 9.5, 5.5, 13], "texture": "#0"}
			}
		},
		{
			"from": [5, -3, 3],
			"to": [11, 1, 10],
			"rotation": {"angle": 0, "axis": "y", "origin": [8, -3.125, 7]},
			"faces": {
				"north": {"uv": [8.5, 12, 11.5, 14], "texture": "#0"},
				"east": {"uv": [15, 4, 11.5, 6], "texture": "#0"},
				"south": {"uv": [12, 11, 15, 13], "texture": "#0"},
				"west": {"uv": [11.5, 4, 15, 6], "texture": "#0"},
				"up": {"uv": [3, 15, 0, 11.5], "texture": "#0"},
				"down": {"uv": [15, 7.5, 12, 11], "texture": "#0"}
			}
		},
		{
			"from": [4.5, 0.5, 0],
			"to": [11.5, 4.5, 2],
			"rotation": {"angle": 0, "axis": "y", "origin": [8, 0.875, 6]},
			"faces": {
				"north": {"uv": [0, 8, 3.5, 10], "texture": "#0"},
				"east": {"uv": [3.5, 9, 4.5, 11], "texture": "#0"},
				"south": {"uv": [8, 4, 11.5, 6], "texture": "#0"},
				"west": {"uv": [4.5, 9, 5.5, 11], "texture": "#0"},
				"up": {"uv": [11, 1, 7.5, 0], "texture": "#0"},
				"down": {"uv": [9, 8.5, 5.5, 9.5], "texture": "#0"}
			}
		},
		{
			"from": [4.5, 0.5, 9],
			"to": [11.5, 4.5, 11],
			"rotation": {"angle": 0, "axis": "y", "origin": [8, 0.875, 5]},
			"faces": {
				"north": {"uv": [6.5, 1, 10, 3], "texture": "#0"},
				"east": {"uv": [3.5, 7, 4.5, 9], "texture": "#0"},
				"south": {"uv": [6, 6.5, 9.5, 8.5], "texture": "#0"},
				"west": {"uv": [4.5, 7, 5.5, 9], "texture": "#0"},
				"up": {"uv": [6.5, 3, 10, 4], "texture": "#0"},
				"down": {"uv": [0, 7, 3.5, 8], "texture": "#0"}
			}
		}
	],
	"display": {
		"thirdperson_righthand": {
			"rotation": [0, -180, 0],
			"translation": [0, 4.75, -1.5],
			"scale": [0.8, 0.8, 0.8]
		},
		"thirdperson_lefthand": {
			"rotation": [0, 180, 0],
			"translation": [0, 4.75, -1.5],
			"scale": [0.8, 0.8, 0.8]
		},
		"firstperson_righthand": {
			"rotation": [168.42, 76.25, 170.38],
			"translation": [0.75, 7, 1.25]
		},
		"firstperson_lefthand": {
			"rotation": [168.42, 76.25, 170.38],
			"translation": [0.75, 7, 1.25]
		}
	},
	"groups": [
		{
			"name": "saddle",
			"origin": [9, 3, 4],
			"color": 0,
			"children": [0, 1, 2, 3]
		}
	]
}