{
	"format_version": "1.21.6",
	"credit": "Made with Blockbench",
	"texture_size": [32, 32],
	"textures": {
		"0": "item/shears_hand",
		"particle": "item/shears_hand"
	},
	"elements": [
		{
			"from": [4.28614, 1.35052, 8.66261],
			"to": [7.28614, 8.35052, 8.66261],
			"rotation": {"angle": 27.5, "axis": "z", "origin": [7.475, 2.95, 8.53761]},
			"faces": {
				"north": {"uv": [1.5, 3.5, 3, 7], "texture": "#0"},
				"east": {"uv": [0, 0, 0, 3.5], "texture": "#0"},
				"south": {"uv": [0, 0, 1.5, 3.5], "texture": "#0"},
				"west": {"uv": [0, 0, 0, 3.5], "texture": "#0"},
				"up": {"uv": [0, 1.5, 0, 0], "rotation": 90, "texture": "#0"},
				"down": {"uv": [0, 0, 0, 1.5], "rotation": 270, "texture": "#0"}
			}
		},
		{
			"from": [4.74808, 1.15918, 8.41261],
			"to": [7.74808, 8.15918, 8.41261],
			"rotation": {"angle": 27.5, "axis": "z", "origin": [7.475, 2.95, 8.53761]},
			"faces": {
				"north": {"uv": [3, 0, 4.5, 3.5], "texture": "#0"},
				"east": {"uv": [0, 0, 0, 3.5], "texture": "#0"},
				"south": {"uv": [0, 3.5, 1.5, 7], "texture": "#0"},
				"west": {"uv": [0, 0, 0, 3.5], "texture": "#0"},
				"up": {"uv": [0, 1.5, 0, 0], "rotation": 90, "texture": "#0"},
				"down": {"uv": [0, 0, 0, 1.5], "rotation": 270, "texture": "#0"}
			}
		},
		{
			"from": [8.26261, 1.4, 8.66261],
			"to": [11.26261, 8.4, 8.66261],
			"rotation": {"angle": 0, "axis": "y", "origin": [7.475, 2.95, 8.53761]},
			"faces": {
				"north": {"uv": [0, 0, 1.5, 3.5], "texture": "#0"},
				"east": {"uv": [0, 0, 0, 3.5], "texture": "#0"},
				"south": {"uv": [1.5, 3.5, 3, 7], "texture": "#0"},
				"west": {"uv": [0, 0, 0, 3.5], "texture": "#0"},
				"up": {"uv": [0, 1.5, 0, 0], "rotation": 90, "texture": "#0"},
				"down": {"uv": [0, 0, 0, 1.5], "rotation": 270, "texture": "#0"}
			}
		},
		{
			"from": [7.76261, 1.25, 8.41261],
			"to": [10.76261, 8.25, 8.41261],
			"rotation": {"angle": 0, "axis": "y", "origin": [7.475, 2.95, 8.53761]},
			"faces": {
				"north": {"uv": [4.5, 0, 6, 3.5], "texture": "#0"},
				"east": {"uv": [0, 0, 0, 3.5], "texture": "#0"},
				"south": {"uv": [1.5, 0, 3, 3.5], "texture": "#0"},
				"west": {"uv": [0, 0, 0, 3.5], "texture": "#0"},
				"up": {"uv": [0, 1.5, 0, 0], "rotation": 90, "texture": "#0"},
				"down": {"uv": [0, 0, 0, 1.5], "rotation": 270, "texture": "#0"}
			}
		},
		{
			"from": [7.01261, 0, 7.66261],
			"to": [9.01261, 2, 9.66261],
			"rotation": {"angle": 0, "axis": "y", "origin": [7.475, 2.95, 8.53761]},
			"faces": {
				"north": {"uv": [6, 1.5, 7.5, 3], "texture": "#0"},
				"east": {"uv": [6, 3, 7, 4.5], "texture": "#0"},
				"south": {"uv": [6, 0, 7.5, 1.5], "texture": "#0"},
				"west": {"uv": [6, 4.5, 7, 6], "texture": "#0"},
				"up": {"uv": [7, 7.5, 6, 6], "rotation": 90, "texture": "#0"},
				"down": {"uv": [1, 7, 0, 8.5], "rotation": 270, "texture": "#0"}
			}
		}
	],
	"display": {
		"thirdperson_righthand": {
			"rotation": [-20.5, 0, 0],
			"translation": [-2, 6.5, -2.75]
		},
		"thirdperson_lefthand": {
			"translation": [-1.75, 7.25, -1.25]
		},
		"firstperson_righthand": {
			"rotation": [-13, -133, 0],
			"translation": [1, 8, -1.75]
		},
		"firstperson_lefthand": {
			"rotation": [-13, -133, 0],
			"translation": [1, 8, -1.75]
		},
		"ground": {
			"translation": [0, 4.75, 0]
		},
		"gui": {
			"rotation": [30, -135, 0],
			"translation": [1, 5, 0],
			"scale": [1.5, 1.5, 1.5]
		}
	},
	"groups": [
		{
			"name": "shears",
			"origin": [7, 0, 7],
			"color": 0,
			"children": [0, 1, 2, 3, 4]
		}
	]
}