{
	"format_version": "1.21.6",
	"credit": "Made with Blockbench",
	"textures": {
		"0": "item/stick_hand",
		"particle": "item/stick_hand"
	},
	"elements": [
		{
			"from": [7, 0, 6.95],
			"to": [9, 16, 8.95],
			"rotation": {"angle": 0, "axis": "y", "origin": [7, 0, 6.95]},
			"faces": {
				"north": {"uv": [6, 0, 8, 16], "texture": "#0"},
				"east": {"uv": [6, 0, 8, 16], "texture": "#0"},
				"south": {"uv": [6, 0, 8, 16], "texture": "#0"},
				"west": {"uv": [6, 0, 8, 16], "texture": "#0"},
				"up": {"uv": [10, 6, 8, 4], "texture": "#0"},
				"down": {"uv": [10, 6, 8, 8], "texture": "#0"}
			}
		},
		{
			"from": [4.85, 10.5, 8.3],
			"to": [7.85, 12.5, 8.3],
			"rotation": {"angle": -22.5, "axis": "y", "origin": [7.85, 10.5, 6.3]},
			"faces": {
				"north": {"uv": [8, 2, 11, 4], "texture": "#0"},
				"east": {"uv": [0, 0, 0, 2], "texture": "#0"},
				"south": {"uv": [11, 2, 8, 4], "texture": "#0"},
				"west": {"uv": [0, 0, 0, 2], "texture": "#0"},
				"up": {"uv": [0, 3, 0, 0], "rotation": 90, "texture": "#0"},
				"down": {"uv": [0, 0, 0, 3], "rotation": 270, "texture": "#0"}
			}
		},
		{
			"from": [8.25, 14, 8],
			"to": [10.25, 15, 8],
			"rotation": {"angle": 22.5, "axis": "z", "origin": [10.25, 15, 8]},
			"faces": {
				"north": {"uv": [10, 8, 8, 9], "rotation": 180, "texture": "#0"},
				"east": {"uv": [0, 0, 0, 1], "rotation": 180, "texture": "#missing"},
				"south": {"uv": [8, 8, 10, 9], "rotation": 180, "texture": "#0"},
				"west": {"uv": [0, 0, 0, 1], "rotation": 180, "texture": "#missing"},
				"up": {"uv": [0, 0, 2, 0], "rotation": 180, "texture": "#missing"},
				"down": {"uv": [0, 0, 2, 0], "rotation": 180, "texture": "#missing"}
			}
		}
	],
	"display": {
		"thirdperson_righthand": {
			"translation": [0, 0.5, 1],
			"scale": [0.79, 0.79, 0.79]
		},
		"thirdperson_lefthand": {
			"translation": [0, 0.5, 1],
			"scale": [0.79, 0.79, 0.79]
		},
		"firstperson_righthand": {
			"rotation": [168.42, 76.25, 170.38],
			"translation": [0.75, 7, 1.25],
			"scale": [0.8, 0.8, 0.8]
		},
		"firstperson_lefthand": {
			"rotation": [168.42, 76.25, 170.38],
			"translation": [0.75, 7, 1.25],
			"scale": [0.8, 0.8, 0.8]
		},
		"gui": {
			"rotation": [30, 45, 0]
		}
	},
	"groups": [
		{
			"name": "handle",
			"origin": [7.5, 0, 7.5],
			"color": 0,
			"children": [0, 1, 2]
		}
	]
}