{
	"format_version": "1.21.6",
	"credit": "Made with Blockbench",
	"texture_size": [64, 64],
	"textures": {
		"2": "item/totem_of_undying_hand"
	},
	"elements": [
		{
			"from": [6, 0, 7],
			"to": [10, 5, 9],
			"rotation": {"angle": 0, "axis": "x", "origin": [7, 1, 7]},
			"faces": {
				"north": {"uv": [2.5, 3, 3.5, 4.25], "texture": "#2"},
				"east": {"uv": [4, 1.75, 4.5, 3], "texture": "#2"},
				"south": {"uv": [0, 3.5, 1, 4.75], "texture": "#2"},
				"west": {"uv": [1, 4.25, 1.5, 5.5], "texture": "#2"},
				"up": {"uv": [2.5, 4.75, 1.5, 4.25], "texture": "#2"},
				"down": {"uv": [3.5, 4.25, 2.5, 4.75], "texture": "#2"}
			}
		},
		{
			"from": [5, 2.5, 5.5],
			"to": [11, 4.5, 8.5],
			"rotation": {"angle": -27.5, "axis": "x", "origin": [8, 3.5, 7]},
			"faces": {
				"north": {"uv": [3, 1.25, 4.5, 1.75], "texture": "#2"},
				"east": {"uv": [1.5, 4.75, 2.25, 5.25], "texture": "#2"},
				"south": {"uv": [3.5, 3.75, 5, 4.25], "texture": "#2"},
				"west": {"uv": [2.25, 4.75, 3, 5.25], "texture": "#2"},
				"up": {"uv": [2.5, 4.25, 1, 3.5], "texture": "#2"},
				"down": {"uv": [5, 3, 3.5, 3.75], "texture": "#2"}
			}
		},
		{
			"from": [7, 5, 3],
			"to": [9, 9, 5],
			"rotation": {"angle": 0, "axis": "x", "origin": [7, 5, 3]},
			"faces": {
				"north": {"uv": [3.5, 4.25, 4, 5.25], "texture": "#2"},
				"east": {"uv": [4, 4.25, 4.5, 5.25], "texture": "#2"},
				"south": {"uv": [4.5, 0, 5, 1], "texture": "#2"},
				"west": {"uv": [4.5, 1, 5, 2], "texture": "#2"},
				"up": {"uv": [3.5, 5.25, 3, 4.75], "texture": "#2"},
				"down": {"uv": [5.5, 1.5, 5, 2], "texture": "#2"}
			}
		},
		{
			"from": [5, 5, 5],
			"to": [11, 12, 10],
			"rotation": {"angle": 0, "axis": "x", "origin": [8, 6, 6.5]},
			"faces": {
				"north": {"uv": [0, 0, 1.5, 1.75], "texture": "#2"},
				"east": {"uv": [0, 1.75, 1.25, 3.5], "texture": "#2"},
				"south": {"uv": [1.5, 0, 3, 1.75], "texture": "#2"},
				"west": {"uv": [1.25, 1.75, 2.5, 3.5], "texture": "#2"},
				"up": {"uv": [4, 3, 2.5, 1.75], "texture": "#2"},
				"down": {"uv": [4.5, 0, 3, 1.25], "texture": "#2"}
			}
		},
		{
			"from": [0, 5, 7.75],
			"to": [5, 7, 9.75],
			"rotation": {"angle": -10, "axis": "z", "origin": [4, 5, 8.25]},
			"faces": {
				"north": {"uv": [3, 5.25, 4.25, 5.75], "texture": "#2"},
				"east": {"uv": [5, 3, 5.5, 3.5], "texture": "#2"},
				"south": {"uv": [5.75, 2.25, 7, 2.75], "texture": "#2"},
				"west": {"uv": [5, 3.5, 5.5, 4], "texture": "#2"},
				"up": {"uv": [2.25, 8.25, 1, 7.75], "texture": "#2"},
				"down": {"uv": [9, 5.25, 7.75, 5.75], "texture": "#2"}
			}
		},
		{
			"from": [2, 3, 7.75],
			"to": [7, 5, 9.75],
			"rotation": {"angle": -10, "axis": "z", "origin": [4, 5, 8.25]},
			"faces": {
				"north": {"uv": [7.75, 5.75, 9, 6.25], "texture": "#2"},
				"east": {"uv": [0, 5.25, 0.5, 5.75], "texture": "#2"},
				"south": {"uv": [7.75, 6.25, 9, 6.75], "texture": "#2"},
				"west": {"uv": [0.5, 5.25, 1, 5.75], "texture": "#2"},
				"up": {"uv": [9, 7.25, 7.75, 6.75], "texture": "#2"},
				"down": {"uv": [9.25, 0, 8, 0.5], "texture": "#2"}
			}
		},
		{
			"from": [11, 5, 7.75],
			"to": [16, 7, 9.75],
			"rotation": {"angle": 10, "axis": "z", "origin": [11.75, 5, 8.25]},
			"faces": {
				"north": {"uv": [8, 0.5, 9.25, 1], "texture": "#2"},
				"east": {"uv": [5.5, 3, 6, 3.5], "texture": "#2"},
				"south": {"uv": [2.25, 8, 3.5, 8.5], "texture": "#2"},
				"west": {"uv": [5.5, 3.5, 6, 4], "texture": "#2"},
				"up": {"uv": [4.75, 8.5, 3.5, 8], "texture": "#2"},
				"down": {"uv": [9.25, 3.5, 8, 4], "texture": "#2"}
			}
		},
		{
			"from": [9, 3, 7.75],
			"to": [14, 5, 9.75],
			"rotation": {"angle": 10, "axis": "z", "origin": [11.75, 5, 8.25]},
			"faces": {
				"north": {"uv": [4.5, 2, 5.75, 2.5], "texture": "#2"},
				"east": {"uv": [0, 4.75, 0.5, 5.25], "texture": "#2"},
				"south": {"uv": [4.5, 2.5, 5.75, 3], "texture": "#2"},
				"west": {"uv": [0.5, 4.75, 1, 5.25], "texture": "#2"},
				"up": {"uv": [5.75, 4.75, 4.5, 4.25], "texture": "#2"},
				"down": {"uv": [5.75, 4.75, 4.5, 5.25], "texture": "#2"}
			}
		},
		{
			"name": "cube_outline",
			"from": [10.2, 5.2, 9.2],
			"to": [5.8, -0.2, 6.8],
			"rotation": {"angle": 0, "axis": "y", "origin": [7, 1, 7]},
			"faces": {
				"north": {"uv": [0, 5.75, 1, 7], "texture": "#2"},
				"east": {"uv": [0, 7.25, 0.5, 8.5], "texture": "#2"},
				"south": {"uv": [3.75, 5.75, 4.75, 7], "texture": "#2"},
				"west": {"uv": [0, 7.2, 0.5, 8.45], "texture": "#2"},
				"up": {"uv": [8, 1.75, 7, 1.25], "texture": "#2"},
				"down": {"uv": [8, 1.75, 7, 2.25], "texture": "#2"}
			}
		},
		{
			"name": "cube_outline",
			"from": [11.2, 4.7, 8.7],
			"to": [4.8, 2.3, 5.3],
			"rotation": {"angle": -27.5, "axis": "x", "origin": [8, 3.5, 7]},
			"faces": {
				"north": {"uv": [6.25, 6, 7.75, 6.5], "texture": "#2"},
				"east": {"uv": [7.25, 3.75, 8, 4.25], "texture": "#2"},
				"south": {"uv": [6.25, 6.5, 7.75, 7], "texture": "#2"},
				"west": {"uv": [7.25, 4.25, 8, 4.75], "texture": "#2"},
				"up": {"uv": [7.5, 3.75, 6, 3], "texture": "#2"},
				"down": {"uv": [1.5, 8.25, 0, 9], "texture": "#2"}
			}
		},
		{
			"name": "cube_outline",
			"from": [11.2, 12.2, 10.2],
			"to": [4.8, 4.8, 4.8],
			"rotation": {"angle": 0, "axis": "y", "origin": [8, 6, 6.5]},
			"faces": {
				"north": {"uv": [4.75, 5.25, 6.25, 7], "texture": "#2"},
				"east": {"uv": [5.75, 0, 7, 1.75], "texture": "#2"},
				"south": {"uv": [1, 5.5, 2.5, 7.25], "texture": "#2"},
				"west": {"uv": [2.5, 5.75, 3.75, 7.5], "texture": "#2"},
				"up": {"uv": [9.5, 2.5, 8, 1.25], "texture": "#2"},
				"down": {"uv": [7.25, 4, 5.75, 5.25], "texture": "#2"}
			}
		},
		{
			"name": "cube_outline",
			"from": [14.2, 5.2, 9.95],
			"to": [8.8, 2.8, 7.55],
			"rotation": {"angle": 10, "axis": "z", "origin": [11.75, 5, 8.25]},
			"faces": {
				"north": {"uv": [6.25, 7, 7.5, 7.5], "texture": "#2"},
				"east": {"uv": [5, 1, 5.5, 1.5], "texture": "#2"},
				"south": {"uv": [0.5, 7.25, 1.75, 7.75], "texture": "#2"},
				"west": {"uv": [8, 1, 8.5, 1.275], "texture": "#2"},
				"up": {"uv": [8.5, 5.25, 7.25, 4.75], "texture": "#2"},
				"down": {"uv": [3.5, 8.5, 2.25, 9], "texture": "#2"}
			}
		},
		{
			"name": "cube_outline",
			"from": [5.2, 7.2, 9.95],
			"to": [-0.2, 4.8, 7.55],
			"rotation": {"angle": -10, "axis": "z", "origin": [4, 5, 8.25]},
			"faces": {
				"north": {"uv": [7.5, 3, 8.75, 3.5], "texture": "#2"},
				"east": {"uv": [4.25, 5.25, 4.75, 5.75], "texture": "#2"},
				"south": {"uv": [3.5, 7.5, 4.75, 8], "texture": "#2"},
				"west": {"uv": [7, 0, 7.5, 0.5], "texture": "#2"},
				"up": {"uv": [8, 8.5, 6.75, 8], "texture": "#2"},
				"down": {"uv": [7.25, 7.5, 6, 8], "texture": "#2"}
			}
		},
		{
			"name": "cube_outline",
			"from": [7.2, 5.2, 9.95],
			"to": [1.8, 2.8, 7.55],
			"rotation": {"angle": -10, "axis": "z", "origin": [4, 5, 8.25]},
			"faces": {
				"north": {"uv": [7.25, 7.5, 8.5, 8], "texture": "#2"},
				"east": {"uv": [8, 1, 8.5, 1.3], "texture": "#2"},
				"south": {"uv": [8, 4, 9.25, 4.5], "texture": "#2"},
				"west": {"uv": [1.75, 7.25, 2.25, 7.75], "texture": "#2"},
				"up": {"uv": [6, 8.5, 4.75, 8], "texture": "#2"},
				"down": {"uv": [7.25, 8.5, 6, 9], "texture": "#2"}
			}
		},
		{
			"name": "cube_outline",
			"from": [16.2, 7.2, 9.95],
			"to": [10.8, 4.8, 7.55],
			"rotation": {"angle": 10, "axis": "z", "origin": [11.75, 5, 8.25]},
			"faces": {
				"north": {"uv": [5.75, 1.75, 7, 2.25], "texture": "#2"},
				"east": {"uv": [5, 0, 5.5, 0.5], "texture": "#2"},
				"south": {"uv": [7, 2.5, 8.25, 3], "texture": "#2"},
				"west": {"uv": [5, 0.5, 5.5, 1], "texture": "#2"},
				"up": {"uv": [6.775, 8.5, 8.025, 8], "texture": "#2"},
				"down": {"uv": [6.25, 7, 5, 7.5], "texture": "#2"}
			}
		}
	],
	"display": {
		"thirdperson_righthand": {
			"rotation": [77.32, -22.03, -4.76],
			"translation": [0, 1.75, 3],
			"scale": [0.5, 0.5, 0.5]
		},
		"thirdperson_lefthand": {
			"rotation": [77.32, -22.03, -4.76],
			"translation": [0, 1.75, 3],
			"scale": [0.5, 0.5, 0.5]
		}
	},
	"groups": [
		{
			"name": "totem",
			"origin": [7, 1, 7],
			"color": 0,
			"children": [0, 1, 2, 3, 4, 5, 6, 7, 8, 9, 10, 11, 12, 13, 14]
		}
	]
}