{
	"format_version": "1.21.6",
	"credit": "Made with Blockbench",
	"texture_size": [32, 32],
	"textures": {
		"1": "item/trial_key_hand"
	},
	"elements": [
		{
			"from": [7.25, 3.5, 7.25],
			"to": [8.75, 6, 8.75],
			"rotation": {"angle": 0, "axis": "z", "origin": [8, 4, 8]},
			"faces": {
				"north": {"uv": [5, 0, 6, 1.5], "texture": "#1"},
				"east": {"uv": [5, 0, 6, 1.5], "texture": "#1"},
				"south": {"uv": [5, 1.5, 6, 3], "texture": "#1"},
				"west": {"uv": [2.5, 5, 3.5, 6.5], "texture": "#1"},
				"up": {"uv": [6.5, 6.5, 5.5, 5.5], "texture": "#1"},
				"down": {"uv": [7, 0, 6, 1], "texture": "#1"}
			}
		},
		{
			"from": [7, -1.5, 7],
			"to": [9, 3.5, 9],
			"rotation": {"angle": 0, "axis": "z", "origin": [8, 1.5, 8]},
			"faces": {
				"north": {"uv": [7, 6.5, 8, 9], "texture": "#1"},
				"east": {"uv": [1, 7.5, 0, 10], "texture": "#1"},
				"south": {"uv": [0, 7.5, 1, 10], "texture": "#1"},
				"west": {"uv": [7.5, 0, 8.5, 2.5], "texture": "#1"},
				"up": {"uv": [2, 8.5, 1, 7.5], "texture": "#1"},
				"down": {"uv": [3, 7.5, 2, 8.5], "texture": "#1"}
			}
		},
		{
			"from": [9, 1.5, 7.5],
			"to": [11, 3.5, 8.5],
			"rotation": {"angle": 0, "axis": "z", "origin": [12, 4.5, 8.5]},
			"faces": {
				"north": {"uv": [7.5, 2.5, 8.5, 3.5], "texture": "#1"},
				"east": {"uv": [3, 7.5, 3.5, 8.5], "texture": "#1"},
				"south": {"uv": [7.5, 3.5, 8.5, 4.5], "texture": "#1"},
				"west": {"uv": [3, 7.5, 3.5, 8.5], "texture": "#1"},
				"up": {"uv": [8.5, 5, 7.5, 4.5], "texture": "#1"},
				"down": {"uv": [7.5, 4, 8.5, 4.5], "texture": "#1"}
			}
		},
		{
			"from": [9, -1.5, 7.5],
			"to": [11, 0.5, 8.5],
			"rotation": {"angle": 0, "axis": "z", "origin": [12, 1.5, 8.5]},
			"faces": {
				"north": {"uv": [7.5, 3.5, 8.5, 2.5], "texture": "#1"},
				"east": {"uv": [3, 8.5, 3.5, 7.5], "texture": "#1"},
				"south": {"uv": [7.5, 4.5, 8.5, 3.5], "texture": "#1"},
				"west": {"uv": [3, 7.5, 3.5, 8.5], "texture": "#1"},
				"up": {"uv": [7.5, 4.5, 8.5, 4], "texture": "#1"},
				"down": {"uv": [8.5, 4.5, 7.5, 5], "texture": "#1"}
			}
		},
		{
			"from": [5.5, 6, 5.5],
			"to": [10.5, 11, 10.5],
			"rotation": {"angle": 0, "axis": "z", "origin": [8, 4, 8]},
			"faces": {
				"north": {"uv": [0, 0, 2.5, 2.5], "texture": "#1"},
				"east": {"uv": [0, 2.5, 2.5, 5], "texture": "#1"},
				"south": {"uv": [2.5, 0, 5, 2.5], "texture": "#1"},
				"west": {"uv": [2.5, 2.5, 0, 5], "texture": "#1"},
				"up": {"uv": [5, 5, 2.5, 2.5], "texture": "#1"},
				"down": {"uv": [2.5, 5, 0, 7.5], "texture": "#1"}
			}
		},
		{
			"from": [6, 5, 5.5],
			"to": [7, 6, 10.5],
			"rotation": {"angle": 0, "axis": "z", "origin": [8, 4, 8]},
			"faces": {
				"north": {"uv": [6.5, 6.5, 7, 7], "texture": "#1"},
				"east": {"uv": [5, 3, 7.5, 3.5], "texture": "#1"},
				"south": {"uv": [7, 0, 7.5, 0.5], "texture": "#1"},
				"west": {"uv": [3.5, 5, 6, 5.5], "texture": "#1"},
				"up": {"uv": [4, 8, 3.5, 5.5], "texture": "#1"},
				"down": {"uv": [4.5, 5.5, 4, 8], "texture": "#1"}
			}
		},
		{
			"from": [7, 5, 8.5],
			"to": [9, 6, 10.5],
			"rotation": {"angle": 0, "axis": "z", "origin": [8, 4, 8]},
			"faces": {
				"north": {"uv": [5, 4.5, 6, 5], "texture": "#1"},
				"east": {"uv": [5.5, 6.5, 6.5, 7], "texture": "#1"},
				"south": {"uv": [6.5, 5.5, 7.5, 6], "texture": "#1"},
				"west": {"uv": [6.5, 6, 7.5, 6.5], "texture": "#1"},
				"up": {"uv": [7, 5.5, 6, 4.5], "texture": "#1"},
				"down": {"uv": [3.5, 6.5, 2.5, 7.5], "texture": "#1"}
			}
		},
		{
			"from": [9, 5, 5.5],
			"to": [10, 6, 10.5],
			"rotation": {"angle": 0, "axis": "z", "origin": [8, 4, 8]},
			"faces": {
				"north": {"uv": [7, 0.5, 7.5, 1], "texture": "#1"},
				"east": {"uv": [5, 3.5, 7.5, 4], "texture": "#1"},
				"south": {"uv": [7, 1, 7.5, 1.5], "texture": "#1"},
				"west": {"uv": [5, 4, 7.5, 4.5], "texture": "#1"},
				"up": {"uv": [5, 8, 4.5, 5.5], "texture": "#1"},
				"down": {"uv": [5.5, 5.5, 5, 8], "texture": "#1"}
			}
		},
		{
			"from": [6, 7, 5.48],
			"to": [7, 8, 5.48],
			"rotation": {"angle": 0, "axis": "z", "origin": [8, 4, 8]},
			"faces": {
				"north": {"uv": [7, 1.5, 7.5, 2], "texture": "#1"},
				"east": {"uv": [0, 0, 0, 0.5], "texture": "#1"},
				"south": {"uv": [7, 2, 7.5, 2.5], "texture": "#1"},
				"west": {"uv": [0, 0, 0, 0.5], "texture": "#1"},
				"up": {"uv": [0.5, 0, 0, 0], "texture": "#1"},
				"down": {"uv": [0, 0, 0.5, 0], "texture": "#1"}
			}
		},
		{
			"from": [6, 6, 5.48],
			"to": [7, 7, 5.48],
			"rotation": {"angle": 0, "axis": "z", "origin": [8, 4, 8]},
			"faces": {
				"north": {"uv": [7, 2.5, 7.5, 3], "texture": "#1"},
				"east": {"uv": [0, 0, 0, 0.5], "texture": "#1"},
				"south": {"uv": [7, 4.5, 7.5, 5], "texture": "#1"},
				"west": {"uv": [0, 0, 0, 0.5], "texture": "#1"},
				"up": {"uv": [0, 0, 0.5, 0], "texture": "#1"},
				"down": {"uv": [0.5, 0, 0, 0], "texture": "#1"}
			}
		},
		{
			"from": [9, 7, 5.48],
			"to": [10, 8, 5.48],
			"rotation": {"angle": 0, "axis": "z", "origin": [8, 4, 8]},
			"faces": {
				"north": {"uv": [7, 5, 7.5, 5.5], "texture": "#1"},
				"east": {"uv": [0, 0, 0, 0.5], "texture": "#1"},
				"south": {"uv": [5.5, 7, 6, 7.5], "texture": "#1"},
				"west": {"uv": [0, 0, 0, 0.5], "texture": "#1"},
				"up": {"uv": [0, 0, 0.5, 0], "texture": "#1"},
				"down": {"uv": [0, 0, 0.5, 0], "texture": "#1"}
			}
		},
		{
			"from": [9, 6, 5.48],
			"to": [10, 7, 5.48],
			"rotation": {"angle": 0, "axis": "z", "origin": [8, 4, 8]},
			"faces": {
				"north": {"uv": [6, 7, 6.5, 7.5], "texture": "#1"},
				"east": {"uv": [0, 0, 0, 0.5], "texture": "#1"},
				"south": {"uv": [6.5, 7, 7, 7.5], "texture": "#1"},
				"west": {"uv": [0, 0, 0, 0.5], "texture": "#1"},
				"up": {"uv": [0.5, 0, 0, 0], "texture": "#1"},
				"down": {"uv": [0.5, 0, 0, 0], "texture": "#1"}
			}
		}
	],
	"display": {
		"thirdperson_righthand": {
			"rotation": [0, -180, 0],
			"translation": [-1, 3.75, 1.25],
			"scale": [0.75, 0.75, 0.75]
		},
		"thirdperson_lefthand": {
			"rotation": [0, -180, 0],
			"translation": [-1, 3.75, 1.25],
			"scale": [0.75, 0.75, 0.75]
		},
		"firstperson_righthand": {
			"rotation": [168.42, 76.25, 170.38],
			"translation": [0.75, 7, 1.25],
			"scale": [0.8, 0.8, 0.8]
		},
		"firstperson_lefthand": {
			"rotation": [168.42, 76.25, 170.38],
			"translation": [0.75, 7, 1.25],
			"scale": [0.8, 0.8, 0.8]
		}
	},
	"groups": [
		{
			"name": "kay",
			"origin": [9, 6, 6],
			"color": 0,
			"children": [0, 1, 2, 3, 4, 5, 6, 7, 8, 9, 10, 11]
		}
	]
}